content,summary
蒙卦代表什么？,蒙卦是一个通泰的卦象，它由艮上坎下两个异卦组成，象征着山下有泉，是由昏迷和险恶中通过行动、启蒙来通达和照亮未来的过程。尽管刚开始会犹豫不决，缺乏果断，但是接受正确引导，顺应大势就能转危为安。在事业、经商、求名和婚恋等方面，都需要耐心等待，接受指导，积蓄德行，务必脚踏实地，谨慎行事。
周易中的蒙卦含义是什么？,蒙卦是一个通泰的卦象，它由艮上坎下两个异卦组成，象征着山下有泉，是由昏迷和险恶中通过行动、启蒙来通达和照亮未来的过程。尽管刚开始会犹豫不决，缺乏果断，但是接受正确引导，顺应大势就能转危为安。在事业、经商、求名和婚恋等方面，都需要耐心等待，接受指导，积蓄德行，务必脚踏实地，谨慎行事。
请解释一下蒙卦。,蒙卦是一个通泰的卦象，它由艮上坎下两个异卦组成，象征着山下有泉，是由昏迷和险恶中通过行动、启蒙来通达和照亮未来的过程。尽管刚开始会犹豫不决，缺乏果断，但是接受正确引导，顺应大势就能转危为安。在事业、经商、求名和婚恋等方面，都需要耐心等待，接受指导，积蓄德行，务必脚踏实地，谨慎行事。
蒙卦在周易中是什么象征？,蒙卦是一个通泰的卦象，它由艮上坎下两个异卦组成，象征着山下有泉，是由昏迷和险恶中通过行动、启蒙来通达和照亮未来的过程。尽管刚开始会犹豫不决，缺乏果断，但是接受正确引导，顺应大势就能转危为安。在事业、经商、求名和婚恋等方面，都需要耐心等待，接受指导，积蓄德行，务必脚踏实地，谨慎行事。
周易蒙卦的深层含义是什么？,蒙卦是一个通泰的卦象，它由艮上坎下两个异卦组成，象征着山下有泉，是由昏迷和险恶中通过行动、启蒙来通达和照亮未来的过程。尽管刚开始会犹豫不决，缺乏果断，但是接受正确引导，顺应大势就能转危为安。在事业、经商、求名和婚恋等方面，都需要耐心等待，接受指导，积蓄德行，务必脚踏实地，谨慎行事。
蒙卦和教育启蒙有什么联系？,蒙卦是一个通泰的卦象，它由艮上坎下两个异卦组成，象征着山下有泉，是由昏迷和险恶中通过行动、启蒙来通达和照亮未来的过程。尽管刚开始会犹豫不决，缺乏果断，但是接受正确引导，顺应大势就能转危为安。在事业、经商、求名和婚恋等方面，都需要耐心等待，接受指导，积蓄德行，务必脚踏实地，谨慎行事。
周易的蒙卦讲述了什么？,蒙卦是一个通泰的卦象，它由艮上坎下两个异卦组成，象征着山下有泉，是由昏迷和险恶中通过行动、启蒙来通达和照亮未来的过程。尽管刚开始会犹豫不决，缺乏果断，但是接受正确引导，顺应大势就能转危为安。在事业、经商、求名和婚恋等方面，都需要耐心等待，接受指导，积蓄德行，务必脚踏实地，谨慎行事。
蒙卦是怎样的一个卦象？,蒙卦是一个通泰的卦象，它由艮上坎下两个异卦组成，象征着山下有泉，是由昏迷和险恶中通过行动、启蒙来通达和照亮未来的过程。尽管刚开始会犹豫不决，缺乏果断，但是接受正确引导，顺应大势就能转危为安。在事业、经商、求名和婚恋等方面，都需要耐心等待，接受指导，积蓄德行，务必脚踏实地，谨慎行事。
蒙卦在周易中怎样表达教育的概念？,蒙卦是一个通泰的卦象，它由艮上坎下两个异卦组成，象征着山下有泉，是由昏迷和险恶中通过行动、启蒙来通达和照亮未来的过程。尽管刚开始会犹豫不决，缺乏果断，但是接受正确引导，顺应大势就能转危为安。在事业、经商、求名和婚恋等方面，都需要耐心等待，接受指导，积蓄德行，务必脚踏实地，谨慎行事。
蒙卦的基本意义是什么？,蒙卦是一个通泰的卦象，它由艮上坎下两个异卦组成，象征着山下有泉，是由昏迷和险恶中通过行动、启蒙来通达和照亮未来的过程。尽管刚开始会犹豫不决，缺乏果断，但是接受正确引导，顺应大势就能转危为安。在事业、经商、求名和婚恋等方面，都需要耐心等待，接受指导，积蓄德行，务必脚踏实地，谨慎行事。
周易中蒙卦的解释是什么？,蒙卦是一个通泰的卦象，它由艮上坎下两个异卦组成，象征着山下有泉，是由昏迷和险恶中通过行动、启蒙来通达和照亮未来的过程。尽管刚开始会犹豫不决，缺乏果断，但是接受正确引导，顺应大势就能转危为安。在事业、经商、求名和婚恋等方面，都需要耐心等待，接受指导，积蓄德行，务必脚踏实地，谨慎行事。
蒙卦在周易中代表了哪些方面？,蒙卦是一个通泰的卦象，它由艮上坎下两个异卦组成，象征着山下有泉，是由昏迷和险恶中通过行动、启蒙来通达和照亮未来的过程。尽管刚开始会犹豫不决，缺乏果断，但是接受正确引导，顺应大势就能转危为安。在事业、经商、求名和婚恋等方面，都需要耐心等待，接受指导，积蓄德行，务必脚踏实地，谨慎行事。
蒙卦涉及哪些哲学思想？,蒙卦是一个通泰的卦象，它由艮上坎下两个异卦组成，象征着山下有泉，是由昏迷和险恶中通过行动、启蒙来通达和照亮未来的过程。尽管刚开始会犹豫不决，缺乏果断，但是接受正确引导，顺应大势就能转危为安。在事业、经商、求名和婚恋等方面，都需要耐心等待，接受指导，积蓄德行，务必脚踏实地，谨慎行事。
周易中蒙卦的象征意义是什么？,蒙卦是一个通泰的卦象，它由艮上坎下两个异卦组成，象征着山下有泉，是由昏迷和险恶中通过行动、启蒙来通达和照亮未来的过程。尽管刚开始会犹豫不决，缺乏果断，但是接受正确引导，顺应大势就能转危为安。在事业、经商、求名和婚恋等方面，都需要耐心等待，接受指导，积蓄德行，务必脚踏实地，谨慎行事。
蒙卦的主要讲述内容是什么？,蒙卦是一个通泰的卦象，它由艮上坎下两个异卦组成，象征着山下有泉，是由昏迷和险恶中通过行动、启蒙来通达和照亮未来的过程。尽管刚开始会犹豫不决，缺乏果断，但是接受正确引导，顺应大势就能转危为安。在事业、经商、求名和婚恋等方面，都需要耐心等待，接受指导，积蓄德行，务必脚踏实地，谨慎行事。
周易蒙卦的核心思想是什么？,蒙卦是一个通泰的卦象，它由艮上坎下两个异卦组成，象征着山下有泉，是由昏迷和险恶中通过行动、启蒙来通达和照亮未来的过程。尽管刚开始会犹豫不决，缺乏果断，但是接受正确引导，顺应大势就能转危为安。在事业、经商、求名和婚恋等方面，都需要耐心等待，接受指导，积蓄德行，务必脚踏实地，谨慎行事。
蒙卦和启蒙教育之间有何联系？,蒙卦是一个通泰的卦象，它由艮上坎下两个异卦组成，象征着山下有泉，是由昏迷和险恶中通过行动、启蒙来通达和照亮未来的过程。尽管刚开始会犹豫不决，缺乏果断，但是接受正确引导，顺应大势就能转危为安。在事业、经商、求名和婚恋等方面，都需要耐心等待，接受指导，积蓄德行，务必脚踏实地，谨慎行事。
在周易中，蒙卦象征着什么？,蒙卦是一个通泰的卦象，它由艮上坎下两个异卦组成，象征着山下有泉，是由昏迷和险恶中通过行动、启蒙来通达和照亮未来的过程。尽管刚开始会犹豫不决，缺乏果断，但是接受正确引导，顺应大势就能转危为安。在事业、经商、求名和婚恋等方面，都需要耐心等待，接受指导，积蓄德行，务必脚踏实地，谨慎行事。
请描述蒙卦的含义。,蒙卦是一个通泰的卦象，它由艮上坎下两个异卦组成，象征着山下有泉，是由昏迷和险恶中通过行动、启蒙来通达和照亮未来的过程。尽管刚开始会犹豫不决，缺乏果断，但是接受正确引导，顺应大势就能转危为安。在事业、经商、求名和婚恋等方面，都需要耐心等待，接受指导，积蓄德行，务必脚踏实地，谨慎行事。
蒙卦在周易哲学中扮演什么角色？,蒙卦是一个通泰的卦象，它由艮上坎下两个异卦组成，象征着山下有泉，是由昏迷和险恶中通过行动、启蒙来通达和照亮未来的过程。尽管刚开始会犹豫不决，缺乏果断，但是接受正确引导，顺应大势就能转危为安。在事业、经商、求名和婚恋等方面，都需要耐心等待，接受指导，积蓄德行，务必脚踏实地，谨慎行事。
"屯卦是一个异卦相叠的卦象，下卦为震（代表“雷”），上卦为坎（代表“水”），象征着万物开始萌生之初，环境险恶，充满艰难险阻。然而，随着时机的顺应，必将欣欣向荣。

屯卦所代表的主要哲学思想是：先劳后逸，苦尽甘来。得卦者需坚毅果敢方可克服困难，随着时机的到来迎来繁荣。

《象辞》指出，屯卦的卦象中，上震下坎，为雷雨交加，险象丛生，名为“屯”，表示万物初生之时，环境恶劣，意味着困难和障碍。

得此卦者，应当守正不宜过于冒进，因为初难之时更应该平心静气地思考，谋求有条不紊的发展方式。需要多加辛苦努力、排除磨难，才能通达，走出困境。

在事业上，初始多有不利，需要顺应时机，勇往直前，灵活机动，坚定信念。适时地抓住机遇，创造条件，获得成功。这个过程中，应该注重施恩惠，以缓和困境。

对于创业初期的人而言，屯卦提示有困难，要有坚定信念，不要被表面现象所迷惑，积极进取、行动果断，这样才能打开出路。如果一直无法摆脱困境，则应该退守保全，等待机会，再展宏图。

总之，屯卦所代表的主题是起始阶段的艰难，需要刚毅果敢，坚定前行的信念和勇往直前的精神，才能获得成功代表什么？","屯卦是一个异卦相叠的卦象，下卦为震（代表“雷”），上卦为坎（代表“水”），象征着万物开始萌生之初，环境险恶，充满艰难险阻。然而，随着时机的顺应，必将欣欣向荣。

屯卦所代表的主要哲学思想是：先劳后逸，苦尽甘来。得卦者需坚毅果敢方可克服困难，随着时机的到来迎来繁荣。

《象辞》指出，屯卦的卦象中，上震下坎，为雷雨交加，险象丛生，名为“屯”，表示万物初生之时，环境恶劣，意味着困难和障碍。

得此卦者，应当守正不宜过于冒进，因为初难之时更应该平心静气地思考，谋求有条不紊的发展方式。需要多加辛苦努力、排除磨难，才能通达，走出困境。

在事业上，初始多有不利，需要顺应时机，勇往直前，灵活机动，坚定信念。适时地抓住机遇，创造条件，获得成功。这个过程中，应该注重施恩惠，以缓和困境。

对于创业初期的人而言，屯卦提示有困难，要有坚定信念，不要被表面现象所迷惑，积极进取、行动果断，这样才能打开出路。如果一直无法摆脱困境，则应该退守保全，等待机会，再展宏图。

总之，屯卦所代表的主题是起始阶段的艰难，需要刚毅果敢，坚定前行的信念和勇往直前的精神，才能获得成功"
"周易中的屯卦是一个异卦相叠的卦象，下卦为震（代表“雷”），上卦为坎（代表“水”），象征着万物开始萌生之初，环境险恶，充满艰难险阻。然而，随着时机的顺应，必将欣欣向荣。

屯卦所代表的主要哲学思想是：先劳后逸，苦尽甘来。得卦者需坚毅果敢方可克服困难，随着时机的到来迎来繁荣。

《象辞》指出，屯卦的卦象中，上震下坎，为雷雨交加，险象丛生，名为“屯”，表示万物初生之时，环境恶劣，意味着困难和障碍。

得此卦者，应当守正不宜过于冒进，因为初难之时更应该平心静气地思考，谋求有条不紊的发展方式。需要多加辛苦努力、排除磨难，才能通达，走出困境。

在事业上，初始多有不利，需要顺应时机，勇往直前，灵活机动，坚定信念。适时地抓住机遇，创造条件，获得成功。这个过程中，应该注重施恩惠，以缓和困境。

对于创业初期的人而言，屯卦提示有困难，要有坚定信念，不要被表面现象所迷惑，积极进取、行动果断，这样才能打开出路。如果一直无法摆脱困境，则应该退守保全，等待机会，再展宏图。

总之，屯卦所代表的主题是起始阶段的艰难，需要刚毅果敢，坚定前行的信念和勇往直前的精神，才能获得成功含义是什么？","屯卦是一个异卦相叠的卦象，下卦为震（代表“雷”），上卦为坎（代表“水”），象征着万物开始萌生之初，环境险恶，充满艰难险阻。然而，随着时机的顺应，必将欣欣向荣。

屯卦所代表的主要哲学思想是：先劳后逸，苦尽甘来。得卦者需坚毅果敢方可克服困难，随着时机的到来迎来繁荣。

《象辞》指出，屯卦的卦象中，上震下坎，为雷雨交加，险象丛生，名为“屯”，表示万物初生之时，环境恶劣，意味着困难和障碍。

得此卦者，应当守正不宜过于冒进，因为初难之时更应该平心静气地思考，谋求有条不紊的发展方式。需要多加辛苦努力、排除磨难，才能通达，走出困境。

在事业上，初始多有不利，需要顺应时机，勇往直前，灵活机动，坚定信念。适时地抓住机遇，创造条件，获得成功。这个过程中，应该注重施恩惠，以缓和困境。

对于创业初期的人而言，屯卦提示有困难，要有坚定信念，不要被表面现象所迷惑，积极进取、行动果断，这样才能打开出路。如果一直无法摆脱困境，则应该退守保全，等待机会，再展宏图。

总之，屯卦所代表的主题是起始阶段的艰难，需要刚毅果敢，坚定前行的信念和勇往直前的精神，才能获得成功"
"请解释一下屯卦是一个异卦相叠的卦象，下卦为震（代表“雷”），上卦为坎（代表“水”），象征着万物开始萌生之初，环境险恶，充满艰难险阻。然而，随着时机的顺应，必将欣欣向荣。

屯卦所代表的主要哲学思想是：先劳后逸，苦尽甘来。得卦者需坚毅果敢方可克服困难，随着时机的到来迎来繁荣。

《象辞》指出，屯卦的卦象中，上震下坎，为雷雨交加，险象丛生，名为“屯”，表示万物初生之时，环境恶劣，意味着困难和障碍。

得此卦者，应当守正不宜过于冒进，因为初难之时更应该平心静气地思考，谋求有条不紊的发展方式。需要多加辛苦努力、排除磨难，才能通达，走出困境。

在事业上，初始多有不利，需要顺应时机，勇往直前，灵活机动，坚定信念。适时地抓住机遇，创造条件，获得成功。这个过程中，应该注重施恩惠，以缓和困境。

对于创业初期的人而言，屯卦提示有困难，要有坚定信念，不要被表面现象所迷惑，积极进取、行动果断，这样才能打开出路。如果一直无法摆脱困境，则应该退守保全，等待机会，再展宏图。

总之，屯卦所代表的主题是起始阶段的艰难，需要刚毅果敢，坚定前行的信念和勇往直前的精神，才能获得成功。","屯卦是一个异卦相叠的卦象，下卦为震（代表“雷”），上卦为坎（代表“水”），象征着万物开始萌生之初，环境险恶，充满艰难险阻。然而，随着时机的顺应，必将欣欣向荣。

屯卦所代表的主要哲学思想是：先劳后逸，苦尽甘来。得卦者需坚毅果敢方可克服困难，随着时机的到来迎来繁荣。

《象辞》指出，屯卦的卦象中，上震下坎，为雷雨交加，险象丛生，名为“屯”，表示万物初生之时，环境恶劣，意味着困难和障碍。

得此卦者，应当守正不宜过于冒进，因为初难之时更应该平心静气地思考，谋求有条不紊的发展方式。需要多加辛苦努力、排除磨难，才能通达，走出困境。

在事业上，初始多有不利，需要顺应时机，勇往直前，灵活机动，坚定信念。适时地抓住机遇，创造条件，获得成功。这个过程中，应该注重施恩惠，以缓和困境。

对于创业初期的人而言，屯卦提示有困难，要有坚定信念，不要被表面现象所迷惑，积极进取、行动果断，这样才能打开出路。如果一直无法摆脱困境，则应该退守保全，等待机会，再展宏图。

总之，屯卦所代表的主题是起始阶段的艰难，需要刚毅果敢，坚定前行的信念和勇往直前的精神，才能获得成功"
"屯卦是一个异卦相叠的卦象，下卦为震（代表“雷”），上卦为坎（代表“水”），象征着万物开始萌生之初，环境险恶，充满艰难险阻。然而，随着时机的顺应，必将欣欣向荣。

屯卦所代表的主要哲学思想是：先劳后逸，苦尽甘来。得卦者需坚毅果敢方可克服困难，随着时机的到来迎来繁荣。

《象辞》指出，屯卦的卦象中，上震下坎，为雷雨交加，险象丛生，名为“屯”，表示万物初生之时，环境恶劣，意味着困难和障碍。

得此卦者，应当守正不宜过于冒进，因为初难之时更应该平心静气地思考，谋求有条不紊的发展方式。需要多加辛苦努力、排除磨难，才能通达，走出困境。

在事业上，初始多有不利，需要顺应时机，勇往直前，灵活机动，坚定信念。适时地抓住机遇，创造条件，获得成功。这个过程中，应该注重施恩惠，以缓和困境。

对于创业初期的人而言，屯卦提示有困难，要有坚定信念，不要被表面现象所迷惑，积极进取、行动果断，这样才能打开出路。如果一直无法摆脱困境，则应该退守保全，等待机会，再展宏图。

总之，屯卦所代表的主题是起始阶段的艰难，需要刚毅果敢，坚定前行的信念和勇往直前的精神，才能获得成功在周易中是什么象征？","屯卦是一个异卦相叠的卦象，下卦为震（代表“雷”），上卦为坎（代表“水”），象征着万物开始萌生之初，环境险恶，充满艰难险阻。然而，随着时机的顺应，必将欣欣向荣。

屯卦所代表的主要哲学思想是：先劳后逸，苦尽甘来。得卦者需坚毅果敢方可克服困难，随着时机的到来迎来繁荣。

《象辞》指出，屯卦的卦象中，上震下坎，为雷雨交加，险象丛生，名为“屯”，表示万物初生之时，环境恶劣，意味着困难和障碍。

得此卦者，应当守正不宜过于冒进，因为初难之时更应该平心静气地思考，谋求有条不紊的发展方式。需要多加辛苦努力、排除磨难，才能通达，走出困境。

在事业上，初始多有不利，需要顺应时机，勇往直前，灵活机动，坚定信念。适时地抓住机遇，创造条件，获得成功。这个过程中，应该注重施恩惠，以缓和困境。

对于创业初期的人而言，屯卦提示有困难，要有坚定信念，不要被表面现象所迷惑，积极进取、行动果断，这样才能打开出路。如果一直无法摆脱困境，则应该退守保全，等待机会，再展宏图。

总之，屯卦所代表的主题是起始阶段的艰难，需要刚毅果敢，坚定前行的信念和勇往直前的精神，才能获得成功"
"周易屯卦是一个异卦相叠的卦象，下卦为震（代表“雷”），上卦为坎（代表“水”），象征着万物开始萌生之初，环境险恶，充满艰难险阻。然而，随着时机的顺应，必将欣欣向荣。

屯卦所代表的主要哲学思想是：先劳后逸，苦尽甘来。得卦者需坚毅果敢方可克服困难，随着时机的到来迎来繁荣。

《象辞》指出，屯卦的卦象中，上震下坎，为雷雨交加，险象丛生，名为“屯”，表示万物初生之时，环境恶劣，意味着困难和障碍。

得此卦者，应当守正不宜过于冒进，因为初难之时更应该平心静气地思考，谋求有条不紊的发展方式。需要多加辛苦努力、排除磨难，才能通达，走出困境。

在事业上，初始多有不利，需要顺应时机，勇往直前，灵活机动，坚定信念。适时地抓住机遇，创造条件，获得成功。这个过程中，应该注重施恩惠，以缓和困境。

对于创业初期的人而言，屯卦提示有困难，要有坚定信念，不要被表面现象所迷惑，积极进取、行动果断，这样才能打开出路。如果一直无法摆脱困境，则应该退守保全，等待机会，再展宏图。

总之，屯卦所代表的主题是起始阶段的艰难，需要刚毅果敢，坚定前行的信念和勇往直前的精神，才能获得成功的深层含义是什么？","屯卦是一个异卦相叠的卦象，下卦为震（代表“雷”），上卦为坎（代表“水”），象征着万物开始萌生之初，环境险恶，充满艰难险阻。然而，随着时机的顺应，必将欣欣向荣。

屯卦所代表的主要哲学思想是：先劳后逸，苦尽甘来。得卦者需坚毅果敢方可克服困难，随着时机的到来迎来繁荣。

《象辞》指出，屯卦的卦象中，上震下坎，为雷雨交加，险象丛生，名为“屯”，表示万物初生之时，环境恶劣，意味着困难和障碍。

得此卦者，应当守正不宜过于冒进，因为初难之时更应该平心静气地思考，谋求有条不紊的发展方式。需要多加辛苦努力、排除磨难，才能通达，走出困境。

在事业上，初始多有不利，需要顺应时机，勇往直前，灵活机动，坚定信念。适时地抓住机遇，创造条件，获得成功。这个过程中，应该注重施恩惠，以缓和困境。

对于创业初期的人而言，屯卦提示有困难，要有坚定信念，不要被表面现象所迷惑，积极进取、行动果断，这样才能打开出路。如果一直无法摆脱困境，则应该退守保全，等待机会，再展宏图。

总之，屯卦所代表的主题是起始阶段的艰难，需要刚毅果敢，坚定前行的信念和勇往直前的精神，才能获得成功"
"屯卦是一个异卦相叠的卦象，下卦为震（代表“雷”），上卦为坎（代表“水”），象征着万物开始萌生之初，环境险恶，充满艰难险阻。然而，随着时机的顺应，必将欣欣向荣。

屯卦所代表的主要哲学思想是：先劳后逸，苦尽甘来。得卦者需坚毅果敢方可克服困难，随着时机的到来迎来繁荣。

《象辞》指出，屯卦的卦象中，上震下坎，为雷雨交加，险象丛生，名为“屯”，表示万物初生之时，环境恶劣，意味着困难和障碍。

得此卦者，应当守正不宜过于冒进，因为初难之时更应该平心静气地思考，谋求有条不紊的发展方式。需要多加辛苦努力、排除磨难，才能通达，走出困境。

在事业上，初始多有不利，需要顺应时机，勇往直前，灵活机动，坚定信念。适时地抓住机遇，创造条件，获得成功。这个过程中，应该注重施恩惠，以缓和困境。

对于创业初期的人而言，屯卦提示有困难，要有坚定信念，不要被表面现象所迷惑，积极进取、行动果断，这样才能打开出路。如果一直无法摆脱困境，则应该退守保全，等待机会，再展宏图。

总之，屯卦所代表的主题是起始阶段的艰难，需要刚毅果敢，坚定前行的信念和勇往直前的精神，才能获得成功和教育启蒙有什么联系？","屯卦是一个异卦相叠的卦象，下卦为震（代表“雷”），上卦为坎（代表“水”），象征着万物开始萌生之初，环境险恶，充满艰难险阻。然而，随着时机的顺应，必将欣欣向荣。

屯卦所代表的主要哲学思想是：先劳后逸，苦尽甘来。得卦者需坚毅果敢方可克服困难，随着时机的到来迎来繁荣。

《象辞》指出，屯卦的卦象中，上震下坎，为雷雨交加，险象丛生，名为“屯”，表示万物初生之时，环境恶劣，意味着困难和障碍。

得此卦者，应当守正不宜过于冒进，因为初难之时更应该平心静气地思考，谋求有条不紊的发展方式。需要多加辛苦努力、排除磨难，才能通达，走出困境。

在事业上，初始多有不利，需要顺应时机，勇往直前，灵活机动，坚定信念。适时地抓住机遇，创造条件，获得成功。这个过程中，应该注重施恩惠，以缓和困境。

对于创业初期的人而言，屯卦提示有困难，要有坚定信念，不要被表面现象所迷惑，积极进取、行动果断，这样才能打开出路。如果一直无法摆脱困境，则应该退守保全，等待机会，再展宏图。

总之，屯卦所代表的主题是起始阶段的艰难，需要刚毅果敢，坚定前行的信念和勇往直前的精神，才能获得成功"
"周易的屯卦是一个异卦相叠的卦象，下卦为震（代表“雷”），上卦为坎（代表“水”），象征着万物开始萌生之初，环境险恶，充满艰难险阻。然而，随着时机的顺应，必将欣欣向荣。

屯卦所代表的主要哲学思想是：先劳后逸，苦尽甘来。得卦者需坚毅果敢方可克服困难，随着时机的到来迎来繁荣。

《象辞》指出，屯卦的卦象中，上震下坎，为雷雨交加，险象丛生，名为“屯”，表示万物初生之时，环境恶劣，意味着困难和障碍。

得此卦者，应当守正不宜过于冒进，因为初难之时更应该平心静气地思考，谋求有条不紊的发展方式。需要多加辛苦努力、排除磨难，才能通达，走出困境。

在事业上，初始多有不利，需要顺应时机，勇往直前，灵活机动，坚定信念。适时地抓住机遇，创造条件，获得成功。这个过程中，应该注重施恩惠，以缓和困境。

对于创业初期的人而言，屯卦提示有困难，要有坚定信念，不要被表面现象所迷惑，积极进取、行动果断，这样才能打开出路。如果一直无法摆脱困境，则应该退守保全，等待机会，再展宏图。

总之，屯卦所代表的主题是起始阶段的艰难，需要刚毅果敢，坚定前行的信念和勇往直前的精神，才能获得成功讲述了什么？","屯卦是一个异卦相叠的卦象，下卦为震（代表“雷”），上卦为坎（代表“水”），象征着万物开始萌生之初，环境险恶，充满艰难险阻。然而，随着时机的顺应，必将欣欣向荣。

屯卦所代表的主要哲学思想是：先劳后逸，苦尽甘来。得卦者需坚毅果敢方可克服困难，随着时机的到来迎来繁荣。

《象辞》指出，屯卦的卦象中，上震下坎，为雷雨交加，险象丛生，名为“屯”，表示万物初生之时，环境恶劣，意味着困难和障碍。

得此卦者，应当守正不宜过于冒进，因为初难之时更应该平心静气地思考，谋求有条不紊的发展方式。需要多加辛苦努力、排除磨难，才能通达，走出困境。

在事业上，初始多有不利，需要顺应时机，勇往直前，灵活机动，坚定信念。适时地抓住机遇，创造条件，获得成功。这个过程中，应该注重施恩惠，以缓和困境。

对于创业初期的人而言，屯卦提示有困难，要有坚定信念，不要被表面现象所迷惑，积极进取、行动果断，这样才能打开出路。如果一直无法摆脱困境，则应该退守保全，等待机会，再展宏图。

总之，屯卦所代表的主题是起始阶段的艰难，需要刚毅果敢，坚定前行的信念和勇往直前的精神，才能获得成功"
"屯卦是一个异卦相叠的卦象，下卦为震（代表“雷”），上卦为坎（代表“水”），象征着万物开始萌生之初，环境险恶，充满艰难险阻。然而，随着时机的顺应，必将欣欣向荣。

屯卦所代表的主要哲学思想是：先劳后逸，苦尽甘来。得卦者需坚毅果敢方可克服困难，随着时机的到来迎来繁荣。

《象辞》指出，屯卦的卦象中，上震下坎，为雷雨交加，险象丛生，名为“屯”，表示万物初生之时，环境恶劣，意味着困难和障碍。

得此卦者，应当守正不宜过于冒进，因为初难之时更应该平心静气地思考，谋求有条不紊的发展方式。需要多加辛苦努力、排除磨难，才能通达，走出困境。

在事业上，初始多有不利，需要顺应时机，勇往直前，灵活机动，坚定信念。适时地抓住机遇，创造条件，获得成功。这个过程中，应该注重施恩惠，以缓和困境。

对于创业初期的人而言，屯卦提示有困难，要有坚定信念，不要被表面现象所迷惑，积极进取、行动果断，这样才能打开出路。如果一直无法摆脱困境，则应该退守保全，等待机会，再展宏图。

总之，屯卦所代表的主题是起始阶段的艰难，需要刚毅果敢，坚定前行的信念和勇往直前的精神，才能获得成功是怎样的一个卦象？","屯卦是一个异卦相叠的卦象，下卦为震（代表“雷”），上卦为坎（代表“水”），象征着万物开始萌生之初，环境险恶，充满艰难险阻。然而，随着时机的顺应，必将欣欣向荣。

屯卦所代表的主要哲学思想是：先劳后逸，苦尽甘来。得卦者需坚毅果敢方可克服困难，随着时机的到来迎来繁荣。

《象辞》指出，屯卦的卦象中，上震下坎，为雷雨交加，险象丛生，名为“屯”，表示万物初生之时，环境恶劣，意味着困难和障碍。

得此卦者，应当守正不宜过于冒进，因为初难之时更应该平心静气地思考，谋求有条不紊的发展方式。需要多加辛苦努力、排除磨难，才能通达，走出困境。

在事业上，初始多有不利，需要顺应时机，勇往直前，灵活机动，坚定信念。适时地抓住机遇，创造条件，获得成功。这个过程中，应该注重施恩惠，以缓和困境。

对于创业初期的人而言，屯卦提示有困难，要有坚定信念，不要被表面现象所迷惑，积极进取、行动果断，这样才能打开出路。如果一直无法摆脱困境，则应该退守保全，等待机会，再展宏图。

总之，屯卦所代表的主题是起始阶段的艰难，需要刚毅果敢，坚定前行的信念和勇往直前的精神，才能获得成功"
"屯卦是一个异卦相叠的卦象，下卦为震（代表“雷”），上卦为坎（代表“水”），象征着万物开始萌生之初，环境险恶，充满艰难险阻。然而，随着时机的顺应，必将欣欣向荣。

屯卦所代表的主要哲学思想是：先劳后逸，苦尽甘来。得卦者需坚毅果敢方可克服困难，随着时机的到来迎来繁荣。

《象辞》指出，屯卦的卦象中，上震下坎，为雷雨交加，险象丛生，名为“屯”，表示万物初生之时，环境恶劣，意味着困难和障碍。

得此卦者，应当守正不宜过于冒进，因为初难之时更应该平心静气地思考，谋求有条不紊的发展方式。需要多加辛苦努力、排除磨难，才能通达，走出困境。

在事业上，初始多有不利，需要顺应时机，勇往直前，灵活机动，坚定信念。适时地抓住机遇，创造条件，获得成功。这个过程中，应该注重施恩惠，以缓和困境。

对于创业初期的人而言，屯卦提示有困难，要有坚定信念，不要被表面现象所迷惑，积极进取、行动果断，这样才能打开出路。如果一直无法摆脱困境，则应该退守保全，等待机会，再展宏图。

总之，屯卦所代表的主题是起始阶段的艰难，需要刚毅果敢，坚定前行的信念和勇往直前的精神，才能获得成功在周易中怎样表达教育的概念？","屯卦是一个异卦相叠的卦象，下卦为震（代表“雷”），上卦为坎（代表“水”），象征着万物开始萌生之初，环境险恶，充满艰难险阻。然而，随着时机的顺应，必将欣欣向荣。

屯卦所代表的主要哲学思想是：先劳后逸，苦尽甘来。得卦者需坚毅果敢方可克服困难，随着时机的到来迎来繁荣。

《象辞》指出，屯卦的卦象中，上震下坎，为雷雨交加，险象丛生，名为“屯”，表示万物初生之时，环境恶劣，意味着困难和障碍。

得此卦者，应当守正不宜过于冒进，因为初难之时更应该平心静气地思考，谋求有条不紊的发展方式。需要多加辛苦努力、排除磨难，才能通达，走出困境。

在事业上，初始多有不利，需要顺应时机，勇往直前，灵活机动，坚定信念。适时地抓住机遇，创造条件，获得成功。这个过程中，应该注重施恩惠，以缓和困境。

对于创业初期的人而言，屯卦提示有困难，要有坚定信念，不要被表面现象所迷惑，积极进取、行动果断，这样才能打开出路。如果一直无法摆脱困境，则应该退守保全，等待机会，再展宏图。

总之，屯卦所代表的主题是起始阶段的艰难，需要刚毅果敢，坚定前行的信念和勇往直前的精神，才能获得成功"
"屯卦是一个异卦相叠的卦象，下卦为震（代表“雷”），上卦为坎（代表“水”），象征着万物开始萌生之初，环境险恶，充满艰难险阻。然而，随着时机的顺应，必将欣欣向荣。

屯卦所代表的主要哲学思想是：先劳后逸，苦尽甘来。得卦者需坚毅果敢方可克服困难，随着时机的到来迎来繁荣。

《象辞》指出，屯卦的卦象中，上震下坎，为雷雨交加，险象丛生，名为“屯”，表示万物初生之时，环境恶劣，意味着困难和障碍。

得此卦者，应当守正不宜过于冒进，因为初难之时更应该平心静气地思考，谋求有条不紊的发展方式。需要多加辛苦努力、排除磨难，才能通达，走出困境。

在事业上，初始多有不利，需要顺应时机，勇往直前，灵活机动，坚定信念。适时地抓住机遇，创造条件，获得成功。这个过程中，应该注重施恩惠，以缓和困境。

对于创业初期的人而言，屯卦提示有困难，要有坚定信念，不要被表面现象所迷惑，积极进取、行动果断，这样才能打开出路。如果一直无法摆脱困境，则应该退守保全，等待机会，再展宏图。

总之，屯卦所代表的主题是起始阶段的艰难，需要刚毅果敢，坚定前行的信念和勇往直前的精神，才能获得成功的基本意义是什么？","屯卦是一个异卦相叠的卦象，下卦为震（代表“雷”），上卦为坎（代表“水”），象征着万物开始萌生之初，环境险恶，充满艰难险阻。然而，随着时机的顺应，必将欣欣向荣。

屯卦所代表的主要哲学思想是：先劳后逸，苦尽甘来。得卦者需坚毅果敢方可克服困难，随着时机的到来迎来繁荣。

《象辞》指出，屯卦的卦象中，上震下坎，为雷雨交加，险象丛生，名为“屯”，表示万物初生之时，环境恶劣，意味着困难和障碍。

得此卦者，应当守正不宜过于冒进，因为初难之时更应该平心静气地思考，谋求有条不紊的发展方式。需要多加辛苦努力、排除磨难，才能通达，走出困境。

在事业上，初始多有不利，需要顺应时机，勇往直前，灵活机动，坚定信念。适时地抓住机遇，创造条件，获得成功。这个过程中，应该注重施恩惠，以缓和困境。

对于创业初期的人而言，屯卦提示有困难，要有坚定信念，不要被表面现象所迷惑，积极进取、行动果断，这样才能打开出路。如果一直无法摆脱困境，则应该退守保全，等待机会，再展宏图。

总之，屯卦所代表的主题是起始阶段的艰难，需要刚毅果敢，坚定前行的信念和勇往直前的精神，才能获得成功"
"周易中屯卦是一个异卦相叠的卦象，下卦为震（代表“雷”），上卦为坎（代表“水”），象征着万物开始萌生之初，环境险恶，充满艰难险阻。然而，随着时机的顺应，必将欣欣向荣。

屯卦所代表的主要哲学思想是：先劳后逸，苦尽甘来。得卦者需坚毅果敢方可克服困难，随着时机的到来迎来繁荣。

《象辞》指出，屯卦的卦象中，上震下坎，为雷雨交加，险象丛生，名为“屯”，表示万物初生之时，环境恶劣，意味着困难和障碍。

得此卦者，应当守正不宜过于冒进，因为初难之时更应该平心静气地思考，谋求有条不紊的发展方式。需要多加辛苦努力、排除磨难，才能通达，走出困境。

在事业上，初始多有不利，需要顺应时机，勇往直前，灵活机动，坚定信念。适时地抓住机遇，创造条件，获得成功。这个过程中，应该注重施恩惠，以缓和困境。

对于创业初期的人而言，屯卦提示有困难，要有坚定信念，不要被表面现象所迷惑，积极进取、行动果断，这样才能打开出路。如果一直无法摆脱困境，则应该退守保全，等待机会，再展宏图。

总之，屯卦所代表的主题是起始阶段的艰难，需要刚毅果敢，坚定前行的信念和勇往直前的精神，才能获得成功的解释是什么？","屯卦是一个异卦相叠的卦象，下卦为震（代表“雷”），上卦为坎（代表“水”），象征着万物开始萌生之初，环境险恶，充满艰难险阻。然而，随着时机的顺应，必将欣欣向荣。

屯卦所代表的主要哲学思想是：先劳后逸，苦尽甘来。得卦者需坚毅果敢方可克服困难，随着时机的到来迎来繁荣。

《象辞》指出，屯卦的卦象中，上震下坎，为雷雨交加，险象丛生，名为“屯”，表示万物初生之时，环境恶劣，意味着困难和障碍。

得此卦者，应当守正不宜过于冒进，因为初难之时更应该平心静气地思考，谋求有条不紊的发展方式。需要多加辛苦努力、排除磨难，才能通达，走出困境。

在事业上，初始多有不利，需要顺应时机，勇往直前，灵活机动，坚定信念。适时地抓住机遇，创造条件，获得成功。这个过程中，应该注重施恩惠，以缓和困境。

对于创业初期的人而言，屯卦提示有困难，要有坚定信念，不要被表面现象所迷惑，积极进取、行动果断，这样才能打开出路。如果一直无法摆脱困境，则应该退守保全，等待机会，再展宏图。

总之，屯卦所代表的主题是起始阶段的艰难，需要刚毅果敢，坚定前行的信念和勇往直前的精神，才能获得成功"
"屯卦是一个异卦相叠的卦象，下卦为震（代表“雷”），上卦为坎（代表“水”），象征着万物开始萌生之初，环境险恶，充满艰难险阻。然而，随着时机的顺应，必将欣欣向荣。

屯卦所代表的主要哲学思想是：先劳后逸，苦尽甘来。得卦者需坚毅果敢方可克服困难，随着时机的到来迎来繁荣。

《象辞》指出，屯卦的卦象中，上震下坎，为雷雨交加，险象丛生，名为“屯”，表示万物初生之时，环境恶劣，意味着困难和障碍。

得此卦者，应当守正不宜过于冒进，因为初难之时更应该平心静气地思考，谋求有条不紊的发展方式。需要多加辛苦努力、排除磨难，才能通达，走出困境。

在事业上，初始多有不利，需要顺应时机，勇往直前，灵活机动，坚定信念。适时地抓住机遇，创造条件，获得成功。这个过程中，应该注重施恩惠，以缓和困境。

对于创业初期的人而言，屯卦提示有困难，要有坚定信念，不要被表面现象所迷惑，积极进取、行动果断，这样才能打开出路。如果一直无法摆脱困境，则应该退守保全，等待机会，再展宏图。

总之，屯卦所代表的主题是起始阶段的艰难，需要刚毅果敢，坚定前行的信念和勇往直前的精神，才能获得成功在周易中代表了哪些方面？","屯卦是一个异卦相叠的卦象，下卦为震（代表“雷”），上卦为坎（代表“水”），象征着万物开始萌生之初，环境险恶，充满艰难险阻。然而，随着时机的顺应，必将欣欣向荣。

屯卦所代表的主要哲学思想是：先劳后逸，苦尽甘来。得卦者需坚毅果敢方可克服困难，随着时机的到来迎来繁荣。

《象辞》指出，屯卦的卦象中，上震下坎，为雷雨交加，险象丛生，名为“屯”，表示万物初生之时，环境恶劣，意味着困难和障碍。

得此卦者，应当守正不宜过于冒进，因为初难之时更应该平心静气地思考，谋求有条不紊的发展方式。需要多加辛苦努力、排除磨难，才能通达，走出困境。

在事业上，初始多有不利，需要顺应时机，勇往直前，灵活机动，坚定信念。适时地抓住机遇，创造条件，获得成功。这个过程中，应该注重施恩惠，以缓和困境。

对于创业初期的人而言，屯卦提示有困难，要有坚定信念，不要被表面现象所迷惑，积极进取、行动果断，这样才能打开出路。如果一直无法摆脱困境，则应该退守保全，等待机会，再展宏图。

总之，屯卦所代表的主题是起始阶段的艰难，需要刚毅果敢，坚定前行的信念和勇往直前的精神，才能获得成功"
"屯卦是一个异卦相叠的卦象，下卦为震（代表“雷”），上卦为坎（代表“水”），象征着万物开始萌生之初，环境险恶，充满艰难险阻。然而，随着时机的顺应，必将欣欣向荣。

屯卦所代表的主要哲学思想是：先劳后逸，苦尽甘来。得卦者需坚毅果敢方可克服困难，随着时机的到来迎来繁荣。

《象辞》指出，屯卦的卦象中，上震下坎，为雷雨交加，险象丛生，名为“屯”，表示万物初生之时，环境恶劣，意味着困难和障碍。

得此卦者，应当守正不宜过于冒进，因为初难之时更应该平心静气地思考，谋求有条不紊的发展方式。需要多加辛苦努力、排除磨难，才能通达，走出困境。

在事业上，初始多有不利，需要顺应时机，勇往直前，灵活机动，坚定信念。适时地抓住机遇，创造条件，获得成功。这个过程中，应该注重施恩惠，以缓和困境。

对于创业初期的人而言，屯卦提示有困难，要有坚定信念，不要被表面现象所迷惑，积极进取、行动果断，这样才能打开出路。如果一直无法摆脱困境，则应该退守保全，等待机会，再展宏图。

总之，屯卦所代表的主题是起始阶段的艰难，需要刚毅果敢，坚定前行的信念和勇往直前的精神，才能获得成功涉及哪些哲学思想？","屯卦是一个异卦相叠的卦象，下卦为震（代表“雷”），上卦为坎（代表“水”），象征着万物开始萌生之初，环境险恶，充满艰难险阻。然而，随着时机的顺应，必将欣欣向荣。

屯卦所代表的主要哲学思想是：先劳后逸，苦尽甘来。得卦者需坚毅果敢方可克服困难，随着时机的到来迎来繁荣。

《象辞》指出，屯卦的卦象中，上震下坎，为雷雨交加，险象丛生，名为“屯”，表示万物初生之时，环境恶劣，意味着困难和障碍。

得此卦者，应当守正不宜过于冒进，因为初难之时更应该平心静气地思考，谋求有条不紊的发展方式。需要多加辛苦努力、排除磨难，才能通达，走出困境。

在事业上，初始多有不利，需要顺应时机，勇往直前，灵活机动，坚定信念。适时地抓住机遇，创造条件，获得成功。这个过程中，应该注重施恩惠，以缓和困境。

对于创业初期的人而言，屯卦提示有困难，要有坚定信念，不要被表面现象所迷惑，积极进取、行动果断，这样才能打开出路。如果一直无法摆脱困境，则应该退守保全，等待机会，再展宏图。

总之，屯卦所代表的主题是起始阶段的艰难，需要刚毅果敢，坚定前行的信念和勇往直前的精神，才能获得成功"
"周易中屯卦是一个异卦相叠的卦象，下卦为震（代表“雷”），上卦为坎（代表“水”），象征着万物开始萌生之初，环境险恶，充满艰难险阻。然而，随着时机的顺应，必将欣欣向荣。

屯卦所代表的主要哲学思想是：先劳后逸，苦尽甘来。得卦者需坚毅果敢方可克服困难，随着时机的到来迎来繁荣。

《象辞》指出，屯卦的卦象中，上震下坎，为雷雨交加，险象丛生，名为“屯”，表示万物初生之时，环境恶劣，意味着困难和障碍。

得此卦者，应当守正不宜过于冒进，因为初难之时更应该平心静气地思考，谋求有条不紊的发展方式。需要多加辛苦努力、排除磨难，才能通达，走出困境。

在事业上，初始多有不利，需要顺应时机，勇往直前，灵活机动，坚定信念。适时地抓住机遇，创造条件，获得成功。这个过程中，应该注重施恩惠，以缓和困境。

对于创业初期的人而言，屯卦提示有困难，要有坚定信念，不要被表面现象所迷惑，积极进取、行动果断，这样才能打开出路。如果一直无法摆脱困境，则应该退守保全，等待机会，再展宏图。

总之，屯卦所代表的主题是起始阶段的艰难，需要刚毅果敢，坚定前行的信念和勇往直前的精神，才能获得成功的象征意义是什么？","屯卦是一个异卦相叠的卦象，下卦为震（代表“雷”），上卦为坎（代表“水”），象征着万物开始萌生之初，环境险恶，充满艰难险阻。然而，随着时机的顺应，必将欣欣向荣。

屯卦所代表的主要哲学思想是：先劳后逸，苦尽甘来。得卦者需坚毅果敢方可克服困难，随着时机的到来迎来繁荣。

《象辞》指出，屯卦的卦象中，上震下坎，为雷雨交加，险象丛生，名为“屯”，表示万物初生之时，环境恶劣，意味着困难和障碍。

得此卦者，应当守正不宜过于冒进，因为初难之时更应该平心静气地思考，谋求有条不紊的发展方式。需要多加辛苦努力、排除磨难，才能通达，走出困境。

在事业上，初始多有不利，需要顺应时机，勇往直前，灵活机动，坚定信念。适时地抓住机遇，创造条件，获得成功。这个过程中，应该注重施恩惠，以缓和困境。

对于创业初期的人而言，屯卦提示有困难，要有坚定信念，不要被表面现象所迷惑，积极进取、行动果断，这样才能打开出路。如果一直无法摆脱困境，则应该退守保全，等待机会，再展宏图。

总之，屯卦所代表的主题是起始阶段的艰难，需要刚毅果敢，坚定前行的信念和勇往直前的精神，才能获得成功"
"屯卦是一个异卦相叠的卦象，下卦为震（代表“雷”），上卦为坎（代表“水”），象征着万物开始萌生之初，环境险恶，充满艰难险阻。然而，随着时机的顺应，必将欣欣向荣。

屯卦所代表的主要哲学思想是：先劳后逸，苦尽甘来。得卦者需坚毅果敢方可克服困难，随着时机的到来迎来繁荣。

《象辞》指出，屯卦的卦象中，上震下坎，为雷雨交加，险象丛生，名为“屯”，表示万物初生之时，环境恶劣，意味着困难和障碍。

得此卦者，应当守正不宜过于冒进，因为初难之时更应该平心静气地思考，谋求有条不紊的发展方式。需要多加辛苦努力、排除磨难，才能通达，走出困境。

在事业上，初始多有不利，需要顺应时机，勇往直前，灵活机动，坚定信念。适时地抓住机遇，创造条件，获得成功。这个过程中，应该注重施恩惠，以缓和困境。

对于创业初期的人而言，屯卦提示有困难，要有坚定信念，不要被表面现象所迷惑，积极进取、行动果断，这样才能打开出路。如果一直无法摆脱困境，则应该退守保全，等待机会，再展宏图。

总之，屯卦所代表的主题是起始阶段的艰难，需要刚毅果敢，坚定前行的信念和勇往直前的精神，才能获得成功的主要讲述内容是什么？","屯卦是一个异卦相叠的卦象，下卦为震（代表“雷”），上卦为坎（代表“水”），象征着万物开始萌生之初，环境险恶，充满艰难险阻。然而，随着时机的顺应，必将欣欣向荣。

屯卦所代表的主要哲学思想是：先劳后逸，苦尽甘来。得卦者需坚毅果敢方可克服困难，随着时机的到来迎来繁荣。

《象辞》指出，屯卦的卦象中，上震下坎，为雷雨交加，险象丛生，名为“屯”，表示万物初生之时，环境恶劣，意味着困难和障碍。

得此卦者，应当守正不宜过于冒进，因为初难之时更应该平心静气地思考，谋求有条不紊的发展方式。需要多加辛苦努力、排除磨难，才能通达，走出困境。

在事业上，初始多有不利，需要顺应时机，勇往直前，灵活机动，坚定信念。适时地抓住机遇，创造条件，获得成功。这个过程中，应该注重施恩惠，以缓和困境。

对于创业初期的人而言，屯卦提示有困难，要有坚定信念，不要被表面现象所迷惑，积极进取、行动果断，这样才能打开出路。如果一直无法摆脱困境，则应该退守保全，等待机会，再展宏图。

总之，屯卦所代表的主题是起始阶段的艰难，需要刚毅果敢，坚定前行的信念和勇往直前的精神，才能获得成功"
"周易屯卦是一个异卦相叠的卦象，下卦为震（代表“雷”），上卦为坎（代表“水”），象征着万物开始萌生之初，环境险恶，充满艰难险阻。然而，随着时机的顺应，必将欣欣向荣。

屯卦所代表的主要哲学思想是：先劳后逸，苦尽甘来。得卦者需坚毅果敢方可克服困难，随着时机的到来迎来繁荣。

《象辞》指出，屯卦的卦象中，上震下坎，为雷雨交加，险象丛生，名为“屯”，表示万物初生之时，环境恶劣，意味着困难和障碍。

得此卦者，应当守正不宜过于冒进，因为初难之时更应该平心静气地思考，谋求有条不紊的发展方式。需要多加辛苦努力、排除磨难，才能通达，走出困境。

在事业上，初始多有不利，需要顺应时机，勇往直前，灵活机动，坚定信念。适时地抓住机遇，创造条件，获得成功。这个过程中，应该注重施恩惠，以缓和困境。

对于创业初期的人而言，屯卦提示有困难，要有坚定信念，不要被表面现象所迷惑，积极进取、行动果断，这样才能打开出路。如果一直无法摆脱困境，则应该退守保全，等待机会，再展宏图。

总之，屯卦所代表的主题是起始阶段的艰难，需要刚毅果敢，坚定前行的信念和勇往直前的精神，才能获得成功的核心思想是什么？","屯卦是一个异卦相叠的卦象，下卦为震（代表“雷”），上卦为坎（代表“水”），象征着万物开始萌生之初，环境险恶，充满艰难险阻。然而，随着时机的顺应，必将欣欣向荣。

屯卦所代表的主要哲学思想是：先劳后逸，苦尽甘来。得卦者需坚毅果敢方可克服困难，随着时机的到来迎来繁荣。

《象辞》指出，屯卦的卦象中，上震下坎，为雷雨交加，险象丛生，名为“屯”，表示万物初生之时，环境恶劣，意味着困难和障碍。

得此卦者，应当守正不宜过于冒进，因为初难之时更应该平心静气地思考，谋求有条不紊的发展方式。需要多加辛苦努力、排除磨难，才能通达，走出困境。

在事业上，初始多有不利，需要顺应时机，勇往直前，灵活机动，坚定信念。适时地抓住机遇，创造条件，获得成功。这个过程中，应该注重施恩惠，以缓和困境。

对于创业初期的人而言，屯卦提示有困难，要有坚定信念，不要被表面现象所迷惑，积极进取、行动果断，这样才能打开出路。如果一直无法摆脱困境，则应该退守保全，等待机会，再展宏图。

总之，屯卦所代表的主题是起始阶段的艰难，需要刚毅果敢，坚定前行的信念和勇往直前的精神，才能获得成功"
"屯卦是一个异卦相叠的卦象，下卦为震（代表“雷”），上卦为坎（代表“水”），象征着万物开始萌生之初，环境险恶，充满艰难险阻。然而，随着时机的顺应，必将欣欣向荣。

屯卦所代表的主要哲学思想是：先劳后逸，苦尽甘来。得卦者需坚毅果敢方可克服困难，随着时机的到来迎来繁荣。

《象辞》指出，屯卦的卦象中，上震下坎，为雷雨交加，险象丛生，名为“屯”，表示万物初生之时，环境恶劣，意味着困难和障碍。

得此卦者，应当守正不宜过于冒进，因为初难之时更应该平心静气地思考，谋求有条不紊的发展方式。需要多加辛苦努力、排除磨难，才能通达，走出困境。

在事业上，初始多有不利，需要顺应时机，勇往直前，灵活机动，坚定信念。适时地抓住机遇，创造条件，获得成功。这个过程中，应该注重施恩惠，以缓和困境。

对于创业初期的人而言，屯卦提示有困难，要有坚定信念，不要被表面现象所迷惑，积极进取、行动果断，这样才能打开出路。如果一直无法摆脱困境，则应该退守保全，等待机会，再展宏图。

总之，屯卦所代表的主题是起始阶段的艰难，需要刚毅果敢，坚定前行的信念和勇往直前的精神，才能获得成功和启蒙教育之间有何联系？","屯卦是一个异卦相叠的卦象，下卦为震（代表“雷”），上卦为坎（代表“水”），象征着万物开始萌生之初，环境险恶，充满艰难险阻。然而，随着时机的顺应，必将欣欣向荣。

屯卦所代表的主要哲学思想是：先劳后逸，苦尽甘来。得卦者需坚毅果敢方可克服困难，随着时机的到来迎来繁荣。

《象辞》指出，屯卦的卦象中，上震下坎，为雷雨交加，险象丛生，名为“屯”，表示万物初生之时，环境恶劣，意味着困难和障碍。

得此卦者，应当守正不宜过于冒进，因为初难之时更应该平心静气地思考，谋求有条不紊的发展方式。需要多加辛苦努力、排除磨难，才能通达，走出困境。

在事业上，初始多有不利，需要顺应时机，勇往直前，灵活机动，坚定信念。适时地抓住机遇，创造条件，获得成功。这个过程中，应该注重施恩惠，以缓和困境。

对于创业初期的人而言，屯卦提示有困难，要有坚定信念，不要被表面现象所迷惑，积极进取、行动果断，这样才能打开出路。如果一直无法摆脱困境，则应该退守保全，等待机会，再展宏图。

总之，屯卦所代表的主题是起始阶段的艰难，需要刚毅果敢，坚定前行的信念和勇往直前的精神，才能获得成功"
"在周易中，屯卦是一个异卦相叠的卦象，下卦为震（代表“雷”），上卦为坎（代表“水”），象征着万物开始萌生之初，环境险恶，充满艰难险阻。然而，随着时机的顺应，必将欣欣向荣。

屯卦所代表的主要哲学思想是：先劳后逸，苦尽甘来。得卦者需坚毅果敢方可克服困难，随着时机的到来迎来繁荣。

《象辞》指出，屯卦的卦象中，上震下坎，为雷雨交加，险象丛生，名为“屯”，表示万物初生之时，环境恶劣，意味着困难和障碍。

得此卦者，应当守正不宜过于冒进，因为初难之时更应该平心静气地思考，谋求有条不紊的发展方式。需要多加辛苦努力、排除磨难，才能通达，走出困境。

在事业上，初始多有不利，需要顺应时机，勇往直前，灵活机动，坚定信念。适时地抓住机遇，创造条件，获得成功。这个过程中，应该注重施恩惠，以缓和困境。

对于创业初期的人而言，屯卦提示有困难，要有坚定信念，不要被表面现象所迷惑，积极进取、行动果断，这样才能打开出路。如果一直无法摆脱困境，则应该退守保全，等待机会，再展宏图。

总之，屯卦所代表的主题是起始阶段的艰难，需要刚毅果敢，坚定前行的信念和勇往直前的精神，才能获得成功象征着什么？","屯卦是一个异卦相叠的卦象，下卦为震（代表“雷”），上卦为坎（代表“水”），象征着万物开始萌生之初，环境险恶，充满艰难险阻。然而，随着时机的顺应，必将欣欣向荣。

屯卦所代表的主要哲学思想是：先劳后逸，苦尽甘来。得卦者需坚毅果敢方可克服困难，随着时机的到来迎来繁荣。

《象辞》指出，屯卦的卦象中，上震下坎，为雷雨交加，险象丛生，名为“屯”，表示万物初生之时，环境恶劣，意味着困难和障碍。

得此卦者，应当守正不宜过于冒进，因为初难之时更应该平心静气地思考，谋求有条不紊的发展方式。需要多加辛苦努力、排除磨难，才能通达，走出困境。

在事业上，初始多有不利，需要顺应时机，勇往直前，灵活机动，坚定信念。适时地抓住机遇，创造条件，获得成功。这个过程中，应该注重施恩惠，以缓和困境。

对于创业初期的人而言，屯卦提示有困难，要有坚定信念，不要被表面现象所迷惑，积极进取、行动果断，这样才能打开出路。如果一直无法摆脱困境，则应该退守保全，等待机会，再展宏图。

总之，屯卦所代表的主题是起始阶段的艰难，需要刚毅果敢，坚定前行的信念和勇往直前的精神，才能获得成功"
"请描述屯卦是一个异卦相叠的卦象，下卦为震（代表“雷”），上卦为坎（代表“水”），象征着万物开始萌生之初，环境险恶，充满艰难险阻。然而，随着时机的顺应，必将欣欣向荣。

屯卦所代表的主要哲学思想是：先劳后逸，苦尽甘来。得卦者需坚毅果敢方可克服困难，随着时机的到来迎来繁荣。

《象辞》指出，屯卦的卦象中，上震下坎，为雷雨交加，险象丛生，名为“屯”，表示万物初生之时，环境恶劣，意味着困难和障碍。

得此卦者，应当守正不宜过于冒进，因为初难之时更应该平心静气地思考，谋求有条不紊的发展方式。需要多加辛苦努力、排除磨难，才能通达，走出困境。

在事业上，初始多有不利，需要顺应时机，勇往直前，灵活机动，坚定信念。适时地抓住机遇，创造条件，获得成功。这个过程中，应该注重施恩惠，以缓和困境。

对于创业初期的人而言，屯卦提示有困难，要有坚定信念，不要被表面现象所迷惑，积极进取、行动果断，这样才能打开出路。如果一直无法摆脱困境，则应该退守保全，等待机会，再展宏图。

总之，屯卦所代表的主题是起始阶段的艰难，需要刚毅果敢，坚定前行的信念和勇往直前的精神，才能获得成功的含义。","屯卦是一个异卦相叠的卦象，下卦为震（代表“雷”），上卦为坎（代表“水”），象征着万物开始萌生之初，环境险恶，充满艰难险阻。然而，随着时机的顺应，必将欣欣向荣。

屯卦所代表的主要哲学思想是：先劳后逸，苦尽甘来。得卦者需坚毅果敢方可克服困难，随着时机的到来迎来繁荣。

《象辞》指出，屯卦的卦象中，上震下坎，为雷雨交加，险象丛生，名为“屯”，表示万物初生之时，环境恶劣，意味着困难和障碍。

得此卦者，应当守正不宜过于冒进，因为初难之时更应该平心静气地思考，谋求有条不紊的发展方式。需要多加辛苦努力、排除磨难，才能通达，走出困境。

在事业上，初始多有不利，需要顺应时机，勇往直前，灵活机动，坚定信念。适时地抓住机遇，创造条件，获得成功。这个过程中，应该注重施恩惠，以缓和困境。

对于创业初期的人而言，屯卦提示有困难，要有坚定信念，不要被表面现象所迷惑，积极进取、行动果断，这样才能打开出路。如果一直无法摆脱困境，则应该退守保全，等待机会，再展宏图。

总之，屯卦所代表的主题是起始阶段的艰难，需要刚毅果敢，坚定前行的信念和勇往直前的精神，才能获得成功"
"屯卦是一个异卦相叠的卦象，下卦为震（代表“雷”），上卦为坎（代表“水”），象征着万物开始萌生之初，环境险恶，充满艰难险阻。然而，随着时机的顺应，必将欣欣向荣。

屯卦所代表的主要哲学思想是：先劳后逸，苦尽甘来。得卦者需坚毅果敢方可克服困难，随着时机的到来迎来繁荣。

《象辞》指出，屯卦的卦象中，上震下坎，为雷雨交加，险象丛生，名为“屯”，表示万物初生之时，环境恶劣，意味着困难和障碍。

得此卦者，应当守正不宜过于冒进，因为初难之时更应该平心静气地思考，谋求有条不紊的发展方式。需要多加辛苦努力、排除磨难，才能通达，走出困境。

在事业上，初始多有不利，需要顺应时机，勇往直前，灵活机动，坚定信念。适时地抓住机遇，创造条件，获得成功。这个过程中，应该注重施恩惠，以缓和困境。

对于创业初期的人而言，屯卦提示有困难，要有坚定信念，不要被表面现象所迷惑，积极进取、行动果断，这样才能打开出路。如果一直无法摆脱困境，则应该退守保全，等待机会，再展宏图。

总之，屯卦所代表的主题是起始阶段的艰难，需要刚毅果敢，坚定前行的信念和勇往直前的精神，才能获得成功在周易哲学中扮演什么角色？","屯卦是一个异卦相叠的卦象，下卦为震（代表“雷”），上卦为坎（代表“水”），象征着万物开始萌生之初，环境险恶，充满艰难险阻。然而，随着时机的顺应，必将欣欣向荣。

屯卦所代表的主要哲学思想是：先劳后逸，苦尽甘来。得卦者需坚毅果敢方可克服困难，随着时机的到来迎来繁荣。

《象辞》指出，屯卦的卦象中，上震下坎，为雷雨交加，险象丛生，名为“屯”，表示万物初生之时，环境恶劣，意味着困难和障碍。

得此卦者，应当守正不宜过于冒进，因为初难之时更应该平心静气地思考，谋求有条不紊的发展方式。需要多加辛苦努力、排除磨难，才能通达，走出困境。

在事业上，初始多有不利，需要顺应时机，勇往直前，灵活机动，坚定信念。适时地抓住机遇，创造条件，获得成功。这个过程中，应该注重施恩惠，以缓和困境。

对于创业初期的人而言，屯卦提示有困难，要有坚定信念，不要被表面现象所迷惑，积极进取、行动果断，这样才能打开出路。如果一直无法摆脱困境，则应该退守保全，等待机会，再展宏图。

总之，屯卦所代表的主题是起始阶段的艰难，需要刚毅果敢，坚定前行的信念和勇往直前的精神，才能获得成功"
"（水）上乾卦（天）下组成。坎为云，乾为天，象征着云在天上聚集，等待降雨。因此，此卦标志着期待和等待的状态，但同时也表现出坚强和刚毅的品质。得到此卦，表示时机未到，需要耐心等待，直到时机合适才采取行动才会顺利成功。如果涉足涉水渡河，将会顺利进行并取得成功。

需卦的核心哲学是在等待时仍须时刻保持战略和耐心。在周易的传统中，此卦是“饮食宴乐”的卦象，意味着在等待时要过快乐的生活，同时也要时刻关注目标及时采取行动。

需卦代表义务，愿望成功的机会仍然遥远。因此，需要相应的耐心和努力来等待时机的到来。在进行商业或个人决策时，应考虑到持久、稳健的思路，时刻保持冷静和明智。只有这样才能不断向前，创造出更多机会，最终获得成功代表什么？","（水）上乾卦（天）下组成。坎为云，乾为天，象征着云在天上聚集，等待降雨。因此，此卦标志着期待和等待的状态，但同时也表现出坚强和刚毅的品质。得到此卦，表示时机未到，需要耐心等待，直到时机合适才采取行动才会顺利成功。如果涉足涉水渡河，将会顺利进行并取得成功。

需卦的核心哲学是在等待时仍须时刻保持战略和耐心。在周易的传统中，此卦是“饮食宴乐”的卦象，意味着在等待时要过快乐的生活，同时也要时刻关注目标及时采取行动。

需卦代表义务，愿望成功的机会仍然遥远。因此，需要相应的耐心和努力来等待时机的到来。在进行商业或个人决策时，应考虑到持久、稳健的思路，时刻保持冷静和明智。只有这样才能不断向前，创造出更多机会，最终获得成功"
"周易中的（水）上乾卦（天）下组成。坎为云，乾为天，象征着云在天上聚集，等待降雨。因此，此卦标志着期待和等待的状态，但同时也表现出坚强和刚毅的品质。得到此卦，表示时机未到，需要耐心等待，直到时机合适才采取行动才会顺利成功。如果涉足涉水渡河，将会顺利进行并取得成功。

需卦的核心哲学是在等待时仍须时刻保持战略和耐心。在周易的传统中，此卦是“饮食宴乐”的卦象，意味着在等待时要过快乐的生活，同时也要时刻关注目标及时采取行动。

需卦代表义务，愿望成功的机会仍然遥远。因此，需要相应的耐心和努力来等待时机的到来。在进行商业或个人决策时，应考虑到持久、稳健的思路，时刻保持冷静和明智。只有这样才能不断向前，创造出更多机会，最终获得成功含义是什么？","（水）上乾卦（天）下组成。坎为云，乾为天，象征着云在天上聚集，等待降雨。因此，此卦标志着期待和等待的状态，但同时也表现出坚强和刚毅的品质。得到此卦，表示时机未到，需要耐心等待，直到时机合适才采取行动才会顺利成功。如果涉足涉水渡河，将会顺利进行并取得成功。

需卦的核心哲学是在等待时仍须时刻保持战略和耐心。在周易的传统中，此卦是“饮食宴乐”的卦象，意味着在等待时要过快乐的生活，同时也要时刻关注目标及时采取行动。

需卦代表义务，愿望成功的机会仍然遥远。因此，需要相应的耐心和努力来等待时机的到来。在进行商业或个人决策时，应考虑到持久、稳健的思路，时刻保持冷静和明智。只有这样才能不断向前，创造出更多机会，最终获得成功"
"请解释一下（水）上乾卦（天）下组成。坎为云，乾为天，象征着云在天上聚集，等待降雨。因此，此卦标志着期待和等待的状态，但同时也表现出坚强和刚毅的品质。得到此卦，表示时机未到，需要耐心等待，直到时机合适才采取行动才会顺利成功。如果涉足涉水渡河，将会顺利进行并取得成功。

需卦的核心哲学是在等待时仍须时刻保持战略和耐心。在周易的传统中，此卦是“饮食宴乐”的卦象，意味着在等待时要过快乐的生活，同时也要时刻关注目标及时采取行动。

需卦代表义务，愿望成功的机会仍然遥远。因此，需要相应的耐心和努力来等待时机的到来。在进行商业或个人决策时，应考虑到持久、稳健的思路，时刻保持冷静和明智。只有这样才能不断向前，创造出更多机会，最终获得成功。","（水）上乾卦（天）下组成。坎为云，乾为天，象征着云在天上聚集，等待降雨。因此，此卦标志着期待和等待的状态，但同时也表现出坚强和刚毅的品质。得到此卦，表示时机未到，需要耐心等待，直到时机合适才采取行动才会顺利成功。如果涉足涉水渡河，将会顺利进行并取得成功。

需卦的核心哲学是在等待时仍须时刻保持战略和耐心。在周易的传统中，此卦是“饮食宴乐”的卦象，意味着在等待时要过快乐的生活，同时也要时刻关注目标及时采取行动。

需卦代表义务，愿望成功的机会仍然遥远。因此，需要相应的耐心和努力来等待时机的到来。在进行商业或个人决策时，应考虑到持久、稳健的思路，时刻保持冷静和明智。只有这样才能不断向前，创造出更多机会，最终获得成功"
"（水）上乾卦（天）下组成。坎为云，乾为天，象征着云在天上聚集，等待降雨。因此，此卦标志着期待和等待的状态，但同时也表现出坚强和刚毅的品质。得到此卦，表示时机未到，需要耐心等待，直到时机合适才采取行动才会顺利成功。如果涉足涉水渡河，将会顺利进行并取得成功。

需卦的核心哲学是在等待时仍须时刻保持战略和耐心。在周易的传统中，此卦是“饮食宴乐”的卦象，意味着在等待时要过快乐的生活，同时也要时刻关注目标及时采取行动。

需卦代表义务，愿望成功的机会仍然遥远。因此，需要相应的耐心和努力来等待时机的到来。在进行商业或个人决策时，应考虑到持久、稳健的思路，时刻保持冷静和明智。只有这样才能不断向前，创造出更多机会，最终获得成功在周易中是什么象征？","（水）上乾卦（天）下组成。坎为云，乾为天，象征着云在天上聚集，等待降雨。因此，此卦标志着期待和等待的状态，但同时也表现出坚强和刚毅的品质。得到此卦，表示时机未到，需要耐心等待，直到时机合适才采取行动才会顺利成功。如果涉足涉水渡河，将会顺利进行并取得成功。

需卦的核心哲学是在等待时仍须时刻保持战略和耐心。在周易的传统中，此卦是“饮食宴乐”的卦象，意味着在等待时要过快乐的生活，同时也要时刻关注目标及时采取行动。

需卦代表义务，愿望成功的机会仍然遥远。因此，需要相应的耐心和努力来等待时机的到来。在进行商业或个人决策时，应考虑到持久、稳健的思路，时刻保持冷静和明智。只有这样才能不断向前，创造出更多机会，最终获得成功"
"周易（水）上乾卦（天）下组成。坎为云，乾为天，象征着云在天上聚集，等待降雨。因此，此卦标志着期待和等待的状态，但同时也表现出坚强和刚毅的品质。得到此卦，表示时机未到，需要耐心等待，直到时机合适才采取行动才会顺利成功。如果涉足涉水渡河，将会顺利进行并取得成功。

需卦的核心哲学是在等待时仍须时刻保持战略和耐心。在周易的传统中，此卦是“饮食宴乐”的卦象，意味着在等待时要过快乐的生活，同时也要时刻关注目标及时采取行动。

需卦代表义务，愿望成功的机会仍然遥远。因此，需要相应的耐心和努力来等待时机的到来。在进行商业或个人决策时，应考虑到持久、稳健的思路，时刻保持冷静和明智。只有这样才能不断向前，创造出更多机会，最终获得成功的深层含义是什么？","（水）上乾卦（天）下组成。坎为云，乾为天，象征着云在天上聚集，等待降雨。因此，此卦标志着期待和等待的状态，但同时也表现出坚强和刚毅的品质。得到此卦，表示时机未到，需要耐心等待，直到时机合适才采取行动才会顺利成功。如果涉足涉水渡河，将会顺利进行并取得成功。

需卦的核心哲学是在等待时仍须时刻保持战略和耐心。在周易的传统中，此卦是“饮食宴乐”的卦象，意味着在等待时要过快乐的生活，同时也要时刻关注目标及时采取行动。

需卦代表义务，愿望成功的机会仍然遥远。因此，需要相应的耐心和努力来等待时机的到来。在进行商业或个人决策时，应考虑到持久、稳健的思路，时刻保持冷静和明智。只有这样才能不断向前，创造出更多机会，最终获得成功"
"（水）上乾卦（天）下组成。坎为云，乾为天，象征着云在天上聚集，等待降雨。因此，此卦标志着期待和等待的状态，但同时也表现出坚强和刚毅的品质。得到此卦，表示时机未到，需要耐心等待，直到时机合适才采取行动才会顺利成功。如果涉足涉水渡河，将会顺利进行并取得成功。

需卦的核心哲学是在等待时仍须时刻保持战略和耐心。在周易的传统中，此卦是“饮食宴乐”的卦象，意味着在等待时要过快乐的生活，同时也要时刻关注目标及时采取行动。

需卦代表义务，愿望成功的机会仍然遥远。因此，需要相应的耐心和努力来等待时机的到来。在进行商业或个人决策时，应考虑到持久、稳健的思路，时刻保持冷静和明智。只有这样才能不断向前，创造出更多机会，最终获得成功和教育启蒙有什么联系？","（水）上乾卦（天）下组成。坎为云，乾为天，象征着云在天上聚集，等待降雨。因此，此卦标志着期待和等待的状态，但同时也表现出坚强和刚毅的品质。得到此卦，表示时机未到，需要耐心等待，直到时机合适才采取行动才会顺利成功。如果涉足涉水渡河，将会顺利进行并取得成功。

需卦的核心哲学是在等待时仍须时刻保持战略和耐心。在周易的传统中，此卦是“饮食宴乐”的卦象，意味着在等待时要过快乐的生活，同时也要时刻关注目标及时采取行动。

需卦代表义务，愿望成功的机会仍然遥远。因此，需要相应的耐心和努力来等待时机的到来。在进行商业或个人决策时，应考虑到持久、稳健的思路，时刻保持冷静和明智。只有这样才能不断向前，创造出更多机会，最终获得成功"
"周易的（水）上乾卦（天）下组成。坎为云，乾为天，象征着云在天上聚集，等待降雨。因此，此卦标志着期待和等待的状态，但同时也表现出坚强和刚毅的品质。得到此卦，表示时机未到，需要耐心等待，直到时机合适才采取行动才会顺利成功。如果涉足涉水渡河，将会顺利进行并取得成功。

需卦的核心哲学是在等待时仍须时刻保持战略和耐心。在周易的传统中，此卦是“饮食宴乐”的卦象，意味着在等待时要过快乐的生活，同时也要时刻关注目标及时采取行动。

需卦代表义务，愿望成功的机会仍然遥远。因此，需要相应的耐心和努力来等待时机的到来。在进行商业或个人决策时，应考虑到持久、稳健的思路，时刻保持冷静和明智。只有这样才能不断向前，创造出更多机会，最终获得成功讲述了什么？","（水）上乾卦（天）下组成。坎为云，乾为天，象征着云在天上聚集，等待降雨。因此，此卦标志着期待和等待的状态，但同时也表现出坚强和刚毅的品质。得到此卦，表示时机未到，需要耐心等待，直到时机合适才采取行动才会顺利成功。如果涉足涉水渡河，将会顺利进行并取得成功。

需卦的核心哲学是在等待时仍须时刻保持战略和耐心。在周易的传统中，此卦是“饮食宴乐”的卦象，意味着在等待时要过快乐的生活，同时也要时刻关注目标及时采取行动。

需卦代表义务，愿望成功的机会仍然遥远。因此，需要相应的耐心和努力来等待时机的到来。在进行商业或个人决策时，应考虑到持久、稳健的思路，时刻保持冷静和明智。只有这样才能不断向前，创造出更多机会，最终获得成功"
"（水）上乾卦（天）下组成。坎为云，乾为天，象征着云在天上聚集，等待降雨。因此，此卦标志着期待和等待的状态，但同时也表现出坚强和刚毅的品质。得到此卦，表示时机未到，需要耐心等待，直到时机合适才采取行动才会顺利成功。如果涉足涉水渡河，将会顺利进行并取得成功。

需卦的核心哲学是在等待时仍须时刻保持战略和耐心。在周易的传统中，此卦是“饮食宴乐”的卦象，意味着在等待时要过快乐的生活，同时也要时刻关注目标及时采取行动。

需卦代表义务，愿望成功的机会仍然遥远。因此，需要相应的耐心和努力来等待时机的到来。在进行商业或个人决策时，应考虑到持久、稳健的思路，时刻保持冷静和明智。只有这样才能不断向前，创造出更多机会，最终获得成功是怎样的一个卦象？","（水）上乾卦（天）下组成。坎为云，乾为天，象征着云在天上聚集，等待降雨。因此，此卦标志着期待和等待的状态，但同时也表现出坚强和刚毅的品质。得到此卦，表示时机未到，需要耐心等待，直到时机合适才采取行动才会顺利成功。如果涉足涉水渡河，将会顺利进行并取得成功。

需卦的核心哲学是在等待时仍须时刻保持战略和耐心。在周易的传统中，此卦是“饮食宴乐”的卦象，意味着在等待时要过快乐的生活，同时也要时刻关注目标及时采取行动。

需卦代表义务，愿望成功的机会仍然遥远。因此，需要相应的耐心和努力来等待时机的到来。在进行商业或个人决策时，应考虑到持久、稳健的思路，时刻保持冷静和明智。只有这样才能不断向前，创造出更多机会，最终获得成功"
"（水）上乾卦（天）下组成。坎为云，乾为天，象征着云在天上聚集，等待降雨。因此，此卦标志着期待和等待的状态，但同时也表现出坚强和刚毅的品质。得到此卦，表示时机未到，需要耐心等待，直到时机合适才采取行动才会顺利成功。如果涉足涉水渡河，将会顺利进行并取得成功。

需卦的核心哲学是在等待时仍须时刻保持战略和耐心。在周易的传统中，此卦是“饮食宴乐”的卦象，意味着在等待时要过快乐的生活，同时也要时刻关注目标及时采取行动。

需卦代表义务，愿望成功的机会仍然遥远。因此，需要相应的耐心和努力来等待时机的到来。在进行商业或个人决策时，应考虑到持久、稳健的思路，时刻保持冷静和明智。只有这样才能不断向前，创造出更多机会，最终获得成功在周易中怎样表达教育的概念？","（水）上乾卦（天）下组成。坎为云，乾为天，象征着云在天上聚集，等待降雨。因此，此卦标志着期待和等待的状态，但同时也表现出坚强和刚毅的品质。得到此卦，表示时机未到，需要耐心等待，直到时机合适才采取行动才会顺利成功。如果涉足涉水渡河，将会顺利进行并取得成功。

需卦的核心哲学是在等待时仍须时刻保持战略和耐心。在周易的传统中，此卦是“饮食宴乐”的卦象，意味着在等待时要过快乐的生活，同时也要时刻关注目标及时采取行动。

需卦代表义务，愿望成功的机会仍然遥远。因此，需要相应的耐心和努力来等待时机的到来。在进行商业或个人决策时，应考虑到持久、稳健的思路，时刻保持冷静和明智。只有这样才能不断向前，创造出更多机会，最终获得成功"
"（水）上乾卦（天）下组成。坎为云，乾为天，象征着云在天上聚集，等待降雨。因此，此卦标志着期待和等待的状态，但同时也表现出坚强和刚毅的品质。得到此卦，表示时机未到，需要耐心等待，直到时机合适才采取行动才会顺利成功。如果涉足涉水渡河，将会顺利进行并取得成功。

需卦的核心哲学是在等待时仍须时刻保持战略和耐心。在周易的传统中，此卦是“饮食宴乐”的卦象，意味着在等待时要过快乐的生活，同时也要时刻关注目标及时采取行动。

需卦代表义务，愿望成功的机会仍然遥远。因此，需要相应的耐心和努力来等待时机的到来。在进行商业或个人决策时，应考虑到持久、稳健的思路，时刻保持冷静和明智。只有这样才能不断向前，创造出更多机会，最终获得成功的基本意义是什么？","（水）上乾卦（天）下组成。坎为云，乾为天，象征着云在天上聚集，等待降雨。因此，此卦标志着期待和等待的状态，但同时也表现出坚强和刚毅的品质。得到此卦，表示时机未到，需要耐心等待，直到时机合适才采取行动才会顺利成功。如果涉足涉水渡河，将会顺利进行并取得成功。

需卦的核心哲学是在等待时仍须时刻保持战略和耐心。在周易的传统中，此卦是“饮食宴乐”的卦象，意味着在等待时要过快乐的生活，同时也要时刻关注目标及时采取行动。

需卦代表义务，愿望成功的机会仍然遥远。因此，需要相应的耐心和努力来等待时机的到来。在进行商业或个人决策时，应考虑到持久、稳健的思路，时刻保持冷静和明智。只有这样才能不断向前，创造出更多机会，最终获得成功"
"周易中（水）上乾卦（天）下组成。坎为云，乾为天，象征着云在天上聚集，等待降雨。因此，此卦标志着期待和等待的状态，但同时也表现出坚强和刚毅的品质。得到此卦，表示时机未到，需要耐心等待，直到时机合适才采取行动才会顺利成功。如果涉足涉水渡河，将会顺利进行并取得成功。

需卦的核心哲学是在等待时仍须时刻保持战略和耐心。在周易的传统中，此卦是“饮食宴乐”的卦象，意味着在等待时要过快乐的生活，同时也要时刻关注目标及时采取行动。

需卦代表义务，愿望成功的机会仍然遥远。因此，需要相应的耐心和努力来等待时机的到来。在进行商业或个人决策时，应考虑到持久、稳健的思路，时刻保持冷静和明智。只有这样才能不断向前，创造出更多机会，最终获得成功的解释是什么？","（水）上乾卦（天）下组成。坎为云，乾为天，象征着云在天上聚集，等待降雨。因此，此卦标志着期待和等待的状态，但同时也表现出坚强和刚毅的品质。得到此卦，表示时机未到，需要耐心等待，直到时机合适才采取行动才会顺利成功。如果涉足涉水渡河，将会顺利进行并取得成功。

需卦的核心哲学是在等待时仍须时刻保持战略和耐心。在周易的传统中，此卦是“饮食宴乐”的卦象，意味着在等待时要过快乐的生活，同时也要时刻关注目标及时采取行动。

需卦代表义务，愿望成功的机会仍然遥远。因此，需要相应的耐心和努力来等待时机的到来。在进行商业或个人决策时，应考虑到持久、稳健的思路，时刻保持冷静和明智。只有这样才能不断向前，创造出更多机会，最终获得成功"
"（水）上乾卦（天）下组成。坎为云，乾为天，象征着云在天上聚集，等待降雨。因此，此卦标志着期待和等待的状态，但同时也表现出坚强和刚毅的品质。得到此卦，表示时机未到，需要耐心等待，直到时机合适才采取行动才会顺利成功。如果涉足涉水渡河，将会顺利进行并取得成功。

需卦的核心哲学是在等待时仍须时刻保持战略和耐心。在周易的传统中，此卦是“饮食宴乐”的卦象，意味着在等待时要过快乐的生活，同时也要时刻关注目标及时采取行动。

需卦代表义务，愿望成功的机会仍然遥远。因此，需要相应的耐心和努力来等待时机的到来。在进行商业或个人决策时，应考虑到持久、稳健的思路，时刻保持冷静和明智。只有这样才能不断向前，创造出更多机会，最终获得成功在周易中代表了哪些方面？","（水）上乾卦（天）下组成。坎为云，乾为天，象征着云在天上聚集，等待降雨。因此，此卦标志着期待和等待的状态，但同时也表现出坚强和刚毅的品质。得到此卦，表示时机未到，需要耐心等待，直到时机合适才采取行动才会顺利成功。如果涉足涉水渡河，将会顺利进行并取得成功。

需卦的核心哲学是在等待时仍须时刻保持战略和耐心。在周易的传统中，此卦是“饮食宴乐”的卦象，意味着在等待时要过快乐的生活，同时也要时刻关注目标及时采取行动。

需卦代表义务，愿望成功的机会仍然遥远。因此，需要相应的耐心和努力来等待时机的到来。在进行商业或个人决策时，应考虑到持久、稳健的思路，时刻保持冷静和明智。只有这样才能不断向前，创造出更多机会，最终获得成功"
"（水）上乾卦（天）下组成。坎为云，乾为天，象征着云在天上聚集，等待降雨。因此，此卦标志着期待和等待的状态，但同时也表现出坚强和刚毅的品质。得到此卦，表示时机未到，需要耐心等待，直到时机合适才采取行动才会顺利成功。如果涉足涉水渡河，将会顺利进行并取得成功。

需卦的核心哲学是在等待时仍须时刻保持战略和耐心。在周易的传统中，此卦是“饮食宴乐”的卦象，意味着在等待时要过快乐的生活，同时也要时刻关注目标及时采取行动。

需卦代表义务，愿望成功的机会仍然遥远。因此，需要相应的耐心和努力来等待时机的到来。在进行商业或个人决策时，应考虑到持久、稳健的思路，时刻保持冷静和明智。只有这样才能不断向前，创造出更多机会，最终获得成功涉及哪些哲学思想？","（水）上乾卦（天）下组成。坎为云，乾为天，象征着云在天上聚集，等待降雨。因此，此卦标志着期待和等待的状态，但同时也表现出坚强和刚毅的品质。得到此卦，表示时机未到，需要耐心等待，直到时机合适才采取行动才会顺利成功。如果涉足涉水渡河，将会顺利进行并取得成功。

需卦的核心哲学是在等待时仍须时刻保持战略和耐心。在周易的传统中，此卦是“饮食宴乐”的卦象，意味着在等待时要过快乐的生活，同时也要时刻关注目标及时采取行动。

需卦代表义务，愿望成功的机会仍然遥远。因此，需要相应的耐心和努力来等待时机的到来。在进行商业或个人决策时，应考虑到持久、稳健的思路，时刻保持冷静和明智。只有这样才能不断向前，创造出更多机会，最终获得成功"
"周易中（水）上乾卦（天）下组成。坎为云，乾为天，象征着云在天上聚集，等待降雨。因此，此卦标志着期待和等待的状态，但同时也表现出坚强和刚毅的品质。得到此卦，表示时机未到，需要耐心等待，直到时机合适才采取行动才会顺利成功。如果涉足涉水渡河，将会顺利进行并取得成功。

需卦的核心哲学是在等待时仍须时刻保持战略和耐心。在周易的传统中，此卦是“饮食宴乐”的卦象，意味着在等待时要过快乐的生活，同时也要时刻关注目标及时采取行动。

需卦代表义务，愿望成功的机会仍然遥远。因此，需要相应的耐心和努力来等待时机的到来。在进行商业或个人决策时，应考虑到持久、稳健的思路，时刻保持冷静和明智。只有这样才能不断向前，创造出更多机会，最终获得成功的象征意义是什么？","（水）上乾卦（天）下组成。坎为云，乾为天，象征着云在天上聚集，等待降雨。因此，此卦标志着期待和等待的状态，但同时也表现出坚强和刚毅的品质。得到此卦，表示时机未到，需要耐心等待，直到时机合适才采取行动才会顺利成功。如果涉足涉水渡河，将会顺利进行并取得成功。

需卦的核心哲学是在等待时仍须时刻保持战略和耐心。在周易的传统中，此卦是“饮食宴乐”的卦象，意味着在等待时要过快乐的生活，同时也要时刻关注目标及时采取行动。

需卦代表义务，愿望成功的机会仍然遥远。因此，需要相应的耐心和努力来等待时机的到来。在进行商业或个人决策时，应考虑到持久、稳健的思路，时刻保持冷静和明智。只有这样才能不断向前，创造出更多机会，最终获得成功"
"（水）上乾卦（天）下组成。坎为云，乾为天，象征着云在天上聚集，等待降雨。因此，此卦标志着期待和等待的状态，但同时也表现出坚强和刚毅的品质。得到此卦，表示时机未到，需要耐心等待，直到时机合适才采取行动才会顺利成功。如果涉足涉水渡河，将会顺利进行并取得成功。

需卦的核心哲学是在等待时仍须时刻保持战略和耐心。在周易的传统中，此卦是“饮食宴乐”的卦象，意味着在等待时要过快乐的生活，同时也要时刻关注目标及时采取行动。

需卦代表义务，愿望成功的机会仍然遥远。因此，需要相应的耐心和努力来等待时机的到来。在进行商业或个人决策时，应考虑到持久、稳健的思路，时刻保持冷静和明智。只有这样才能不断向前，创造出更多机会，最终获得成功的主要讲述内容是什么？","（水）上乾卦（天）下组成。坎为云，乾为天，象征着云在天上聚集，等待降雨。因此，此卦标志着期待和等待的状态，但同时也表现出坚强和刚毅的品质。得到此卦，表示时机未到，需要耐心等待，直到时机合适才采取行动才会顺利成功。如果涉足涉水渡河，将会顺利进行并取得成功。

需卦的核心哲学是在等待时仍须时刻保持战略和耐心。在周易的传统中，此卦是“饮食宴乐”的卦象，意味着在等待时要过快乐的生活，同时也要时刻关注目标及时采取行动。

需卦代表义务，愿望成功的机会仍然遥远。因此，需要相应的耐心和努力来等待时机的到来。在进行商业或个人决策时，应考虑到持久、稳健的思路，时刻保持冷静和明智。只有这样才能不断向前，创造出更多机会，最终获得成功"
"周易（水）上乾卦（天）下组成。坎为云，乾为天，象征着云在天上聚集，等待降雨。因此，此卦标志着期待和等待的状态，但同时也表现出坚强和刚毅的品质。得到此卦，表示时机未到，需要耐心等待，直到时机合适才采取行动才会顺利成功。如果涉足涉水渡河，将会顺利进行并取得成功。

需卦的核心哲学是在等待时仍须时刻保持战略和耐心。在周易的传统中，此卦是“饮食宴乐”的卦象，意味着在等待时要过快乐的生活，同时也要时刻关注目标及时采取行动。

需卦代表义务，愿望成功的机会仍然遥远。因此，需要相应的耐心和努力来等待时机的到来。在进行商业或个人决策时，应考虑到持久、稳健的思路，时刻保持冷静和明智。只有这样才能不断向前，创造出更多机会，最终获得成功的核心思想是什么？","（水）上乾卦（天）下组成。坎为云，乾为天，象征着云在天上聚集，等待降雨。因此，此卦标志着期待和等待的状态，但同时也表现出坚强和刚毅的品质。得到此卦，表示时机未到，需要耐心等待，直到时机合适才采取行动才会顺利成功。如果涉足涉水渡河，将会顺利进行并取得成功。

需卦的核心哲学是在等待时仍须时刻保持战略和耐心。在周易的传统中，此卦是“饮食宴乐”的卦象，意味着在等待时要过快乐的生活，同时也要时刻关注目标及时采取行动。

需卦代表义务，愿望成功的机会仍然遥远。因此，需要相应的耐心和努力来等待时机的到来。在进行商业或个人决策时，应考虑到持久、稳健的思路，时刻保持冷静和明智。只有这样才能不断向前，创造出更多机会，最终获得成功"
"（水）上乾卦（天）下组成。坎为云，乾为天，象征着云在天上聚集，等待降雨。因此，此卦标志着期待和等待的状态，但同时也表现出坚强和刚毅的品质。得到此卦，表示时机未到，需要耐心等待，直到时机合适才采取行动才会顺利成功。如果涉足涉水渡河，将会顺利进行并取得成功。

需卦的核心哲学是在等待时仍须时刻保持战略和耐心。在周易的传统中，此卦是“饮食宴乐”的卦象，意味着在等待时要过快乐的生活，同时也要时刻关注目标及时采取行动。

需卦代表义务，愿望成功的机会仍然遥远。因此，需要相应的耐心和努力来等待时机的到来。在进行商业或个人决策时，应考虑到持久、稳健的思路，时刻保持冷静和明智。只有这样才能不断向前，创造出更多机会，最终获得成功和启蒙教育之间有何联系？","（水）上乾卦（天）下组成。坎为云，乾为天，象征着云在天上聚集，等待降雨。因此，此卦标志着期待和等待的状态，但同时也表现出坚强和刚毅的品质。得到此卦，表示时机未到，需要耐心等待，直到时机合适才采取行动才会顺利成功。如果涉足涉水渡河，将会顺利进行并取得成功。

需卦的核心哲学是在等待时仍须时刻保持战略和耐心。在周易的传统中，此卦是“饮食宴乐”的卦象，意味着在等待时要过快乐的生活，同时也要时刻关注目标及时采取行动。

需卦代表义务，愿望成功的机会仍然遥远。因此，需要相应的耐心和努力来等待时机的到来。在进行商业或个人决策时，应考虑到持久、稳健的思路，时刻保持冷静和明智。只有这样才能不断向前，创造出更多机会，最终获得成功"
"在周易中，（水）上乾卦（天）下组成。坎为云，乾为天，象征着云在天上聚集，等待降雨。因此，此卦标志着期待和等待的状态，但同时也表现出坚强和刚毅的品质。得到此卦，表示时机未到，需要耐心等待，直到时机合适才采取行动才会顺利成功。如果涉足涉水渡河，将会顺利进行并取得成功。

需卦的核心哲学是在等待时仍须时刻保持战略和耐心。在周易的传统中，此卦是“饮食宴乐”的卦象，意味着在等待时要过快乐的生活，同时也要时刻关注目标及时采取行动。

需卦代表义务，愿望成功的机会仍然遥远。因此，需要相应的耐心和努力来等待时机的到来。在进行商业或个人决策时，应考虑到持久、稳健的思路，时刻保持冷静和明智。只有这样才能不断向前，创造出更多机会，最终获得成功象征着什么？","（水）上乾卦（天）下组成。坎为云，乾为天，象征着云在天上聚集，等待降雨。因此，此卦标志着期待和等待的状态，但同时也表现出坚强和刚毅的品质。得到此卦，表示时机未到，需要耐心等待，直到时机合适才采取行动才会顺利成功。如果涉足涉水渡河，将会顺利进行并取得成功。

需卦的核心哲学是在等待时仍须时刻保持战略和耐心。在周易的传统中，此卦是“饮食宴乐”的卦象，意味着在等待时要过快乐的生活，同时也要时刻关注目标及时采取行动。

需卦代表义务，愿望成功的机会仍然遥远。因此，需要相应的耐心和努力来等待时机的到来。在进行商业或个人决策时，应考虑到持久、稳健的思路，时刻保持冷静和明智。只有这样才能不断向前，创造出更多机会，最终获得成功"
"请描述（水）上乾卦（天）下组成。坎为云，乾为天，象征着云在天上聚集，等待降雨。因此，此卦标志着期待和等待的状态，但同时也表现出坚强和刚毅的品质。得到此卦，表示时机未到，需要耐心等待，直到时机合适才采取行动才会顺利成功。如果涉足涉水渡河，将会顺利进行并取得成功。

需卦的核心哲学是在等待时仍须时刻保持战略和耐心。在周易的传统中，此卦是“饮食宴乐”的卦象，意味着在等待时要过快乐的生活，同时也要时刻关注目标及时采取行动。

需卦代表义务，愿望成功的机会仍然遥远。因此，需要相应的耐心和努力来等待时机的到来。在进行商业或个人决策时，应考虑到持久、稳健的思路，时刻保持冷静和明智。只有这样才能不断向前，创造出更多机会，最终获得成功的含义。","（水）上乾卦（天）下组成。坎为云，乾为天，象征着云在天上聚集，等待降雨。因此，此卦标志着期待和等待的状态，但同时也表现出坚强和刚毅的品质。得到此卦，表示时机未到，需要耐心等待，直到时机合适才采取行动才会顺利成功。如果涉足涉水渡河，将会顺利进行并取得成功。

需卦的核心哲学是在等待时仍须时刻保持战略和耐心。在周易的传统中，此卦是“饮食宴乐”的卦象，意味着在等待时要过快乐的生活，同时也要时刻关注目标及时采取行动。

需卦代表义务，愿望成功的机会仍然遥远。因此，需要相应的耐心和努力来等待时机的到来。在进行商业或个人决策时，应考虑到持久、稳健的思路，时刻保持冷静和明智。只有这样才能不断向前，创造出更多机会，最终获得成功"
"（水）上乾卦（天）下组成。坎为云，乾为天，象征着云在天上聚集，等待降雨。因此，此卦标志着期待和等待的状态，但同时也表现出坚强和刚毅的品质。得到此卦，表示时机未到，需要耐心等待，直到时机合适才采取行动才会顺利成功。如果涉足涉水渡河，将会顺利进行并取得成功。

需卦的核心哲学是在等待时仍须时刻保持战略和耐心。在周易的传统中，此卦是“饮食宴乐”的卦象，意味着在等待时要过快乐的生活，同时也要时刻关注目标及时采取行动。

需卦代表义务，愿望成功的机会仍然遥远。因此，需要相应的耐心和努力来等待时机的到来。在进行商业或个人决策时，应考虑到持久、稳健的思路，时刻保持冷静和明智。只有这样才能不断向前，创造出更多机会，最终获得成功在周易哲学中扮演什么角色？","（水）上乾卦（天）下组成。坎为云，乾为天，象征着云在天上聚集，等待降雨。因此，此卦标志着期待和等待的状态，但同时也表现出坚强和刚毅的品质。得到此卦，表示时机未到，需要耐心等待，直到时机合适才采取行动才会顺利成功。如果涉足涉水渡河，将会顺利进行并取得成功。

需卦的核心哲学是在等待时仍须时刻保持战略和耐心。在周易的传统中，此卦是“饮食宴乐”的卦象，意味着在等待时要过快乐的生活，同时也要时刻关注目标及时采取行动。

需卦代表义务，愿望成功的机会仍然遥远。因此，需要相应的耐心和努力来等待时机的到来。在进行商业或个人决策时，应考虑到持久、稳健的思路，时刻保持冷静和明智。只有这样才能不断向前，创造出更多机会，最终获得成功"
"讼卦为六十四卦之一，由上乾下坎组成。卦象中，乾为天，为刚；坎为水，为险。两者相对冲突，必定引发争论和讼事。此时，虽有利可图（获得俘虏），但要警惕戒惧，否则难以避免凶险。在占筮时，得此爻，有利于会见贵族王公，但不利于涉水渡河。

讼卦的核心哲学是：争讼无利。在日常生活中，人们应该懂得相互谦让而不是挑起争端，避免战争和暴力。此卦为提醒人们谋事之初必须慎之又慎，杜绝争讼。遇到争论和纷争时，与其执着于自己的立场，不如采取更为温和的方式处理，寻求和解，这样便会避免引发诉讼之灾。

在决策领域，讼卦暗示着在面对挑战和竞争时，不宜盲目冲突和强初始化，应保持清醒的头脑，寻求合适的解决方案，适可而止。只有这样，才能避免不必要的纠纷和冲突，为自己和他人创造更大的价值。

总之，讼卦提醒我们在生活中要谨慎处事、团结友好，不好争论、不好挑衅，用心平和的态度，解决争端，获得真正的胜利代表什么？","讼卦为六十四卦之一，由上乾下坎组成。卦象中，乾为天，为刚；坎为水，为险。两者相对冲突，必定引发争论和讼事。此时，虽有利可图（获得俘虏），但要警惕戒惧，否则难以避免凶险。在占筮时，得此爻，有利于会见贵族王公，但不利于涉水渡河。

讼卦的核心哲学是：争讼无利。在日常生活中，人们应该懂得相互谦让而不是挑起争端，避免战争和暴力。此卦为提醒人们谋事之初必须慎之又慎，杜绝争讼。遇到争论和纷争时，与其执着于自己的立场，不如采取更为温和的方式处理，寻求和解，这样便会避免引发诉讼之灾。

在决策领域，讼卦暗示着在面对挑战和竞争时，不宜盲目冲突和强初始化，应保持清醒的头脑，寻求合适的解决方案，适可而止。只有这样，才能避免不必要的纠纷和冲突，为自己和他人创造更大的价值。

总之，讼卦提醒我们在生活中要谨慎处事、团结友好，不好争论、不好挑衅，用心平和的态度，解决争端，获得真正的胜利"
"周易中的讼卦为六十四卦之一，由上乾下坎组成。卦象中，乾为天，为刚；坎为水，为险。两者相对冲突，必定引发争论和讼事。此时，虽有利可图（获得俘虏），但要警惕戒惧，否则难以避免凶险。在占筮时，得此爻，有利于会见贵族王公，但不利于涉水渡河。

讼卦的核心哲学是：争讼无利。在日常生活中，人们应该懂得相互谦让而不是挑起争端，避免战争和暴力。此卦为提醒人们谋事之初必须慎之又慎，杜绝争讼。遇到争论和纷争时，与其执着于自己的立场，不如采取更为温和的方式处理，寻求和解，这样便会避免引发诉讼之灾。

在决策领域，讼卦暗示着在面对挑战和竞争时，不宜盲目冲突和强初始化，应保持清醒的头脑，寻求合适的解决方案，适可而止。只有这样，才能避免不必要的纠纷和冲突，为自己和他人创造更大的价值。

总之，讼卦提醒我们在生活中要谨慎处事、团结友好，不好争论、不好挑衅，用心平和的态度，解决争端，获得真正的胜利含义是什么？","讼卦为六十四卦之一，由上乾下坎组成。卦象中，乾为天，为刚；坎为水，为险。两者相对冲突，必定引发争论和讼事。此时，虽有利可图（获得俘虏），但要警惕戒惧，否则难以避免凶险。在占筮时，得此爻，有利于会见贵族王公，但不利于涉水渡河。

讼卦的核心哲学是：争讼无利。在日常生活中，人们应该懂得相互谦让而不是挑起争端，避免战争和暴力。此卦为提醒人们谋事之初必须慎之又慎，杜绝争讼。遇到争论和纷争时，与其执着于自己的立场，不如采取更为温和的方式处理，寻求和解，这样便会避免引发诉讼之灾。

在决策领域，讼卦暗示着在面对挑战和竞争时，不宜盲目冲突和强初始化，应保持清醒的头脑，寻求合适的解决方案，适可而止。只有这样，才能避免不必要的纠纷和冲突，为自己和他人创造更大的价值。

总之，讼卦提醒我们在生活中要谨慎处事、团结友好，不好争论、不好挑衅，用心平和的态度，解决争端，获得真正的胜利"
"请解释一下讼卦为六十四卦之一，由上乾下坎组成。卦象中，乾为天，为刚；坎为水，为险。两者相对冲突，必定引发争论和讼事。此时，虽有利可图（获得俘虏），但要警惕戒惧，否则难以避免凶险。在占筮时，得此爻，有利于会见贵族王公，但不利于涉水渡河。

讼卦的核心哲学是：争讼无利。在日常生活中，人们应该懂得相互谦让而不是挑起争端，避免战争和暴力。此卦为提醒人们谋事之初必须慎之又慎，杜绝争讼。遇到争论和纷争时，与其执着于自己的立场，不如采取更为温和的方式处理，寻求和解，这样便会避免引发诉讼之灾。

在决策领域，讼卦暗示着在面对挑战和竞争时，不宜盲目冲突和强初始化，应保持清醒的头脑，寻求合适的解决方案，适可而止。只有这样，才能避免不必要的纠纷和冲突，为自己和他人创造更大的价值。

总之，讼卦提醒我们在生活中要谨慎处事、团结友好，不好争论、不好挑衅，用心平和的态度，解决争端，获得真正的胜利。","讼卦为六十四卦之一，由上乾下坎组成。卦象中，乾为天，为刚；坎为水，为险。两者相对冲突，必定引发争论和讼事。此时，虽有利可图（获得俘虏），但要警惕戒惧，否则难以避免凶险。在占筮时，得此爻，有利于会见贵族王公，但不利于涉水渡河。

讼卦的核心哲学是：争讼无利。在日常生活中，人们应该懂得相互谦让而不是挑起争端，避免战争和暴力。此卦为提醒人们谋事之初必须慎之又慎，杜绝争讼。遇到争论和纷争时，与其执着于自己的立场，不如采取更为温和的方式处理，寻求和解，这样便会避免引发诉讼之灾。

在决策领域，讼卦暗示着在面对挑战和竞争时，不宜盲目冲突和强初始化，应保持清醒的头脑，寻求合适的解决方案，适可而止。只有这样，才能避免不必要的纠纷和冲突，为自己和他人创造更大的价值。

总之，讼卦提醒我们在生活中要谨慎处事、团结友好，不好争论、不好挑衅，用心平和的态度，解决争端，获得真正的胜利"
"讼卦为六十四卦之一，由上乾下坎组成。卦象中，乾为天，为刚；坎为水，为险。两者相对冲突，必定引发争论和讼事。此时，虽有利可图（获得俘虏），但要警惕戒惧，否则难以避免凶险。在占筮时，得此爻，有利于会见贵族王公，但不利于涉水渡河。

讼卦的核心哲学是：争讼无利。在日常生活中，人们应该懂得相互谦让而不是挑起争端，避免战争和暴力。此卦为提醒人们谋事之初必须慎之又慎，杜绝争讼。遇到争论和纷争时，与其执着于自己的立场，不如采取更为温和的方式处理，寻求和解，这样便会避免引发诉讼之灾。

在决策领域，讼卦暗示着在面对挑战和竞争时，不宜盲目冲突和强初始化，应保持清醒的头脑，寻求合适的解决方案，适可而止。只有这样，才能避免不必要的纠纷和冲突，为自己和他人创造更大的价值。

总之，讼卦提醒我们在生活中要谨慎处事、团结友好，不好争论、不好挑衅，用心平和的态度，解决争端，获得真正的胜利在周易中是什么象征？","讼卦为六十四卦之一，由上乾下坎组成。卦象中，乾为天，为刚；坎为水，为险。两者相对冲突，必定引发争论和讼事。此时，虽有利可图（获得俘虏），但要警惕戒惧，否则难以避免凶险。在占筮时，得此爻，有利于会见贵族王公，但不利于涉水渡河。

讼卦的核心哲学是：争讼无利。在日常生活中，人们应该懂得相互谦让而不是挑起争端，避免战争和暴力。此卦为提醒人们谋事之初必须慎之又慎，杜绝争讼。遇到争论和纷争时，与其执着于自己的立场，不如采取更为温和的方式处理，寻求和解，这样便会避免引发诉讼之灾。

在决策领域，讼卦暗示着在面对挑战和竞争时，不宜盲目冲突和强初始化，应保持清醒的头脑，寻求合适的解决方案，适可而止。只有这样，才能避免不必要的纠纷和冲突，为自己和他人创造更大的价值。

总之，讼卦提醒我们在生活中要谨慎处事、团结友好，不好争论、不好挑衅，用心平和的态度，解决争端，获得真正的胜利"
"周易讼卦为六十四卦之一，由上乾下坎组成。卦象中，乾为天，为刚；坎为水，为险。两者相对冲突，必定引发争论和讼事。此时，虽有利可图（获得俘虏），但要警惕戒惧，否则难以避免凶险。在占筮时，得此爻，有利于会见贵族王公，但不利于涉水渡河。

讼卦的核心哲学是：争讼无利。在日常生活中，人们应该懂得相互谦让而不是挑起争端，避免战争和暴力。此卦为提醒人们谋事之初必须慎之又慎，杜绝争讼。遇到争论和纷争时，与其执着于自己的立场，不如采取更为温和的方式处理，寻求和解，这样便会避免引发诉讼之灾。

在决策领域，讼卦暗示着在面对挑战和竞争时，不宜盲目冲突和强初始化，应保持清醒的头脑，寻求合适的解决方案，适可而止。只有这样，才能避免不必要的纠纷和冲突，为自己和他人创造更大的价值。

总之，讼卦提醒我们在生活中要谨慎处事、团结友好，不好争论、不好挑衅，用心平和的态度，解决争端，获得真正的胜利的深层含义是什么？","讼卦为六十四卦之一，由上乾下坎组成。卦象中，乾为天，为刚；坎为水，为险。两者相对冲突，必定引发争论和讼事。此时，虽有利可图（获得俘虏），但要警惕戒惧，否则难以避免凶险。在占筮时，得此爻，有利于会见贵族王公，但不利于涉水渡河。

讼卦的核心哲学是：争讼无利。在日常生活中，人们应该懂得相互谦让而不是挑起争端，避免战争和暴力。此卦为提醒人们谋事之初必须慎之又慎，杜绝争讼。遇到争论和纷争时，与其执着于自己的立场，不如采取更为温和的方式处理，寻求和解，这样便会避免引发诉讼之灾。

在决策领域，讼卦暗示着在面对挑战和竞争时，不宜盲目冲突和强初始化，应保持清醒的头脑，寻求合适的解决方案，适可而止。只有这样，才能避免不必要的纠纷和冲突，为自己和他人创造更大的价值。

总之，讼卦提醒我们在生活中要谨慎处事、团结友好，不好争论、不好挑衅，用心平和的态度，解决争端，获得真正的胜利"
"讼卦为六十四卦之一，由上乾下坎组成。卦象中，乾为天，为刚；坎为水，为险。两者相对冲突，必定引发争论和讼事。此时，虽有利可图（获得俘虏），但要警惕戒惧，否则难以避免凶险。在占筮时，得此爻，有利于会见贵族王公，但不利于涉水渡河。

讼卦的核心哲学是：争讼无利。在日常生活中，人们应该懂得相互谦让而不是挑起争端，避免战争和暴力。此卦为提醒人们谋事之初必须慎之又慎，杜绝争讼。遇到争论和纷争时，与其执着于自己的立场，不如采取更为温和的方式处理，寻求和解，这样便会避免引发诉讼之灾。

在决策领域，讼卦暗示着在面对挑战和竞争时，不宜盲目冲突和强初始化，应保持清醒的头脑，寻求合适的解决方案，适可而止。只有这样，才能避免不必要的纠纷和冲突，为自己和他人创造更大的价值。

总之，讼卦提醒我们在生活中要谨慎处事、团结友好，不好争论、不好挑衅，用心平和的态度，解决争端，获得真正的胜利和教育启蒙有什么联系？","讼卦为六十四卦之一，由上乾下坎组成。卦象中，乾为天，为刚；坎为水，为险。两者相对冲突，必定引发争论和讼事。此时，虽有利可图（获得俘虏），但要警惕戒惧，否则难以避免凶险。在占筮时，得此爻，有利于会见贵族王公，但不利于涉水渡河。

讼卦的核心哲学是：争讼无利。在日常生活中，人们应该懂得相互谦让而不是挑起争端，避免战争和暴力。此卦为提醒人们谋事之初必须慎之又慎，杜绝争讼。遇到争论和纷争时，与其执着于自己的立场，不如采取更为温和的方式处理，寻求和解，这样便会避免引发诉讼之灾。

在决策领域，讼卦暗示着在面对挑战和竞争时，不宜盲目冲突和强初始化，应保持清醒的头脑，寻求合适的解决方案，适可而止。只有这样，才能避免不必要的纠纷和冲突，为自己和他人创造更大的价值。

总之，讼卦提醒我们在生活中要谨慎处事、团结友好，不好争论、不好挑衅，用心平和的态度，解决争端，获得真正的胜利"
"周易的讼卦为六十四卦之一，由上乾下坎组成。卦象中，乾为天，为刚；坎为水，为险。两者相对冲突，必定引发争论和讼事。此时，虽有利可图（获得俘虏），但要警惕戒惧，否则难以避免凶险。在占筮时，得此爻，有利于会见贵族王公，但不利于涉水渡河。

讼卦的核心哲学是：争讼无利。在日常生活中，人们应该懂得相互谦让而不是挑起争端，避免战争和暴力。此卦为提醒人们谋事之初必须慎之又慎，杜绝争讼。遇到争论和纷争时，与其执着于自己的立场，不如采取更为温和的方式处理，寻求和解，这样便会避免引发诉讼之灾。

在决策领域，讼卦暗示着在面对挑战和竞争时，不宜盲目冲突和强初始化，应保持清醒的头脑，寻求合适的解决方案，适可而止。只有这样，才能避免不必要的纠纷和冲突，为自己和他人创造更大的价值。

总之，讼卦提醒我们在生活中要谨慎处事、团结友好，不好争论、不好挑衅，用心平和的态度，解决争端，获得真正的胜利讲述了什么？","讼卦为六十四卦之一，由上乾下坎组成。卦象中，乾为天，为刚；坎为水，为险。两者相对冲突，必定引发争论和讼事。此时，虽有利可图（获得俘虏），但要警惕戒惧，否则难以避免凶险。在占筮时，得此爻，有利于会见贵族王公，但不利于涉水渡河。

讼卦的核心哲学是：争讼无利。在日常生活中，人们应该懂得相互谦让而不是挑起争端，避免战争和暴力。此卦为提醒人们谋事之初必须慎之又慎，杜绝争讼。遇到争论和纷争时，与其执着于自己的立场，不如采取更为温和的方式处理，寻求和解，这样便会避免引发诉讼之灾。

在决策领域，讼卦暗示着在面对挑战和竞争时，不宜盲目冲突和强初始化，应保持清醒的头脑，寻求合适的解决方案，适可而止。只有这样，才能避免不必要的纠纷和冲突，为自己和他人创造更大的价值。

总之，讼卦提醒我们在生活中要谨慎处事、团结友好，不好争论、不好挑衅，用心平和的态度，解决争端，获得真正的胜利"
"讼卦为六十四卦之一，由上乾下坎组成。卦象中，乾为天，为刚；坎为水，为险。两者相对冲突，必定引发争论和讼事。此时，虽有利可图（获得俘虏），但要警惕戒惧，否则难以避免凶险。在占筮时，得此爻，有利于会见贵族王公，但不利于涉水渡河。

讼卦的核心哲学是：争讼无利。在日常生活中，人们应该懂得相互谦让而不是挑起争端，避免战争和暴力。此卦为提醒人们谋事之初必须慎之又慎，杜绝争讼。遇到争论和纷争时，与其执着于自己的立场，不如采取更为温和的方式处理，寻求和解，这样便会避免引发诉讼之灾。

在决策领域，讼卦暗示着在面对挑战和竞争时，不宜盲目冲突和强初始化，应保持清醒的头脑，寻求合适的解决方案，适可而止。只有这样，才能避免不必要的纠纷和冲突，为自己和他人创造更大的价值。

总之，讼卦提醒我们在生活中要谨慎处事、团结友好，不好争论、不好挑衅，用心平和的态度，解决争端，获得真正的胜利是怎样的一个卦象？","讼卦为六十四卦之一，由上乾下坎组成。卦象中，乾为天，为刚；坎为水，为险。两者相对冲突，必定引发争论和讼事。此时，虽有利可图（获得俘虏），但要警惕戒惧，否则难以避免凶险。在占筮时，得此爻，有利于会见贵族王公，但不利于涉水渡河。

讼卦的核心哲学是：争讼无利。在日常生活中，人们应该懂得相互谦让而不是挑起争端，避免战争和暴力。此卦为提醒人们谋事之初必须慎之又慎，杜绝争讼。遇到争论和纷争时，与其执着于自己的立场，不如采取更为温和的方式处理，寻求和解，这样便会避免引发诉讼之灾。

在决策领域，讼卦暗示着在面对挑战和竞争时，不宜盲目冲突和强初始化，应保持清醒的头脑，寻求合适的解决方案，适可而止。只有这样，才能避免不必要的纠纷和冲突，为自己和他人创造更大的价值。

总之，讼卦提醒我们在生活中要谨慎处事、团结友好，不好争论、不好挑衅，用心平和的态度，解决争端，获得真正的胜利"
"讼卦为六十四卦之一，由上乾下坎组成。卦象中，乾为天，为刚；坎为水，为险。两者相对冲突，必定引发争论和讼事。此时，虽有利可图（获得俘虏），但要警惕戒惧，否则难以避免凶险。在占筮时，得此爻，有利于会见贵族王公，但不利于涉水渡河。

讼卦的核心哲学是：争讼无利。在日常生活中，人们应该懂得相互谦让而不是挑起争端，避免战争和暴力。此卦为提醒人们谋事之初必须慎之又慎，杜绝争讼。遇到争论和纷争时，与其执着于自己的立场，不如采取更为温和的方式处理，寻求和解，这样便会避免引发诉讼之灾。

在决策领域，讼卦暗示着在面对挑战和竞争时，不宜盲目冲突和强初始化，应保持清醒的头脑，寻求合适的解决方案，适可而止。只有这样，才能避免不必要的纠纷和冲突，为自己和他人创造更大的价值。

总之，讼卦提醒我们在生活中要谨慎处事、团结友好，不好争论、不好挑衅，用心平和的态度，解决争端，获得真正的胜利在周易中怎样表达教育的概念？","讼卦为六十四卦之一，由上乾下坎组成。卦象中，乾为天，为刚；坎为水，为险。两者相对冲突，必定引发争论和讼事。此时，虽有利可图（获得俘虏），但要警惕戒惧，否则难以避免凶险。在占筮时，得此爻，有利于会见贵族王公，但不利于涉水渡河。

讼卦的核心哲学是：争讼无利。在日常生活中，人们应该懂得相互谦让而不是挑起争端，避免战争和暴力。此卦为提醒人们谋事之初必须慎之又慎，杜绝争讼。遇到争论和纷争时，与其执着于自己的立场，不如采取更为温和的方式处理，寻求和解，这样便会避免引发诉讼之灾。

在决策领域，讼卦暗示着在面对挑战和竞争时，不宜盲目冲突和强初始化，应保持清醒的头脑，寻求合适的解决方案，适可而止。只有这样，才能避免不必要的纠纷和冲突，为自己和他人创造更大的价值。

总之，讼卦提醒我们在生活中要谨慎处事、团结友好，不好争论、不好挑衅，用心平和的态度，解决争端，获得真正的胜利"
"讼卦为六十四卦之一，由上乾下坎组成。卦象中，乾为天，为刚；坎为水，为险。两者相对冲突，必定引发争论和讼事。此时，虽有利可图（获得俘虏），但要警惕戒惧，否则难以避免凶险。在占筮时，得此爻，有利于会见贵族王公，但不利于涉水渡河。

讼卦的核心哲学是：争讼无利。在日常生活中，人们应该懂得相互谦让而不是挑起争端，避免战争和暴力。此卦为提醒人们谋事之初必须慎之又慎，杜绝争讼。遇到争论和纷争时，与其执着于自己的立场，不如采取更为温和的方式处理，寻求和解，这样便会避免引发诉讼之灾。

在决策领域，讼卦暗示着在面对挑战和竞争时，不宜盲目冲突和强初始化，应保持清醒的头脑，寻求合适的解决方案，适可而止。只有这样，才能避免不必要的纠纷和冲突，为自己和他人创造更大的价值。

总之，讼卦提醒我们在生活中要谨慎处事、团结友好，不好争论、不好挑衅，用心平和的态度，解决争端，获得真正的胜利的基本意义是什么？","讼卦为六十四卦之一，由上乾下坎组成。卦象中，乾为天，为刚；坎为水，为险。两者相对冲突，必定引发争论和讼事。此时，虽有利可图（获得俘虏），但要警惕戒惧，否则难以避免凶险。在占筮时，得此爻，有利于会见贵族王公，但不利于涉水渡河。

讼卦的核心哲学是：争讼无利。在日常生活中，人们应该懂得相互谦让而不是挑起争端，避免战争和暴力。此卦为提醒人们谋事之初必须慎之又慎，杜绝争讼。遇到争论和纷争时，与其执着于自己的立场，不如采取更为温和的方式处理，寻求和解，这样便会避免引发诉讼之灾。

在决策领域，讼卦暗示着在面对挑战和竞争时，不宜盲目冲突和强初始化，应保持清醒的头脑，寻求合适的解决方案，适可而止。只有这样，才能避免不必要的纠纷和冲突，为自己和他人创造更大的价值。

总之，讼卦提醒我们在生活中要谨慎处事、团结友好，不好争论、不好挑衅，用心平和的态度，解决争端，获得真正的胜利"
"周易中讼卦为六十四卦之一，由上乾下坎组成。卦象中，乾为天，为刚；坎为水，为险。两者相对冲突，必定引发争论和讼事。此时，虽有利可图（获得俘虏），但要警惕戒惧，否则难以避免凶险。在占筮时，得此爻，有利于会见贵族王公，但不利于涉水渡河。

讼卦的核心哲学是：争讼无利。在日常生活中，人们应该懂得相互谦让而不是挑起争端，避免战争和暴力。此卦为提醒人们谋事之初必须慎之又慎，杜绝争讼。遇到争论和纷争时，与其执着于自己的立场，不如采取更为温和的方式处理，寻求和解，这样便会避免引发诉讼之灾。

在决策领域，讼卦暗示着在面对挑战和竞争时，不宜盲目冲突和强初始化，应保持清醒的头脑，寻求合适的解决方案，适可而止。只有这样，才能避免不必要的纠纷和冲突，为自己和他人创造更大的价值。

总之，讼卦提醒我们在生活中要谨慎处事、团结友好，不好争论、不好挑衅，用心平和的态度，解决争端，获得真正的胜利的解释是什么？","讼卦为六十四卦之一，由上乾下坎组成。卦象中，乾为天，为刚；坎为水，为险。两者相对冲突，必定引发争论和讼事。此时，虽有利可图（获得俘虏），但要警惕戒惧，否则难以避免凶险。在占筮时，得此爻，有利于会见贵族王公，但不利于涉水渡河。

讼卦的核心哲学是：争讼无利。在日常生活中，人们应该懂得相互谦让而不是挑起争端，避免战争和暴力。此卦为提醒人们谋事之初必须慎之又慎，杜绝争讼。遇到争论和纷争时，与其执着于自己的立场，不如采取更为温和的方式处理，寻求和解，这样便会避免引发诉讼之灾。

在决策领域，讼卦暗示着在面对挑战和竞争时，不宜盲目冲突和强初始化，应保持清醒的头脑，寻求合适的解决方案，适可而止。只有这样，才能避免不必要的纠纷和冲突，为自己和他人创造更大的价值。

总之，讼卦提醒我们在生活中要谨慎处事、团结友好，不好争论、不好挑衅，用心平和的态度，解决争端，获得真正的胜利"
"讼卦为六十四卦之一，由上乾下坎组成。卦象中，乾为天，为刚；坎为水，为险。两者相对冲突，必定引发争论和讼事。此时，虽有利可图（获得俘虏），但要警惕戒惧，否则难以避免凶险。在占筮时，得此爻，有利于会见贵族王公，但不利于涉水渡河。

讼卦的核心哲学是：争讼无利。在日常生活中，人们应该懂得相互谦让而不是挑起争端，避免战争和暴力。此卦为提醒人们谋事之初必须慎之又慎，杜绝争讼。遇到争论和纷争时，与其执着于自己的立场，不如采取更为温和的方式处理，寻求和解，这样便会避免引发诉讼之灾。

在决策领域，讼卦暗示着在面对挑战和竞争时，不宜盲目冲突和强初始化，应保持清醒的头脑，寻求合适的解决方案，适可而止。只有这样，才能避免不必要的纠纷和冲突，为自己和他人创造更大的价值。

总之，讼卦提醒我们在生活中要谨慎处事、团结友好，不好争论、不好挑衅，用心平和的态度，解决争端，获得真正的胜利在周易中代表了哪些方面？","讼卦为六十四卦之一，由上乾下坎组成。卦象中，乾为天，为刚；坎为水，为险。两者相对冲突，必定引发争论和讼事。此时，虽有利可图（获得俘虏），但要警惕戒惧，否则难以避免凶险。在占筮时，得此爻，有利于会见贵族王公，但不利于涉水渡河。

讼卦的核心哲学是：争讼无利。在日常生活中，人们应该懂得相互谦让而不是挑起争端，避免战争和暴力。此卦为提醒人们谋事之初必须慎之又慎，杜绝争讼。遇到争论和纷争时，与其执着于自己的立场，不如采取更为温和的方式处理，寻求和解，这样便会避免引发诉讼之灾。

在决策领域，讼卦暗示着在面对挑战和竞争时，不宜盲目冲突和强初始化，应保持清醒的头脑，寻求合适的解决方案，适可而止。只有这样，才能避免不必要的纠纷和冲突，为自己和他人创造更大的价值。

总之，讼卦提醒我们在生活中要谨慎处事、团结友好，不好争论、不好挑衅，用心平和的态度，解决争端，获得真正的胜利"
"讼卦为六十四卦之一，由上乾下坎组成。卦象中，乾为天，为刚；坎为水，为险。两者相对冲突，必定引发争论和讼事。此时，虽有利可图（获得俘虏），但要警惕戒惧，否则难以避免凶险。在占筮时，得此爻，有利于会见贵族王公，但不利于涉水渡河。

讼卦的核心哲学是：争讼无利。在日常生活中，人们应该懂得相互谦让而不是挑起争端，避免战争和暴力。此卦为提醒人们谋事之初必须慎之又慎，杜绝争讼。遇到争论和纷争时，与其执着于自己的立场，不如采取更为温和的方式处理，寻求和解，这样便会避免引发诉讼之灾。

在决策领域，讼卦暗示着在面对挑战和竞争时，不宜盲目冲突和强初始化，应保持清醒的头脑，寻求合适的解决方案，适可而止。只有这样，才能避免不必要的纠纷和冲突，为自己和他人创造更大的价值。

总之，讼卦提醒我们在生活中要谨慎处事、团结友好，不好争论、不好挑衅，用心平和的态度，解决争端，获得真正的胜利涉及哪些哲学思想？","讼卦为六十四卦之一，由上乾下坎组成。卦象中，乾为天，为刚；坎为水，为险。两者相对冲突，必定引发争论和讼事。此时，虽有利可图（获得俘虏），但要警惕戒惧，否则难以避免凶险。在占筮时，得此爻，有利于会见贵族王公，但不利于涉水渡河。

讼卦的核心哲学是：争讼无利。在日常生活中，人们应该懂得相互谦让而不是挑起争端，避免战争和暴力。此卦为提醒人们谋事之初必须慎之又慎，杜绝争讼。遇到争论和纷争时，与其执着于自己的立场，不如采取更为温和的方式处理，寻求和解，这样便会避免引发诉讼之灾。

在决策领域，讼卦暗示着在面对挑战和竞争时，不宜盲目冲突和强初始化，应保持清醒的头脑，寻求合适的解决方案，适可而止。只有这样，才能避免不必要的纠纷和冲突，为自己和他人创造更大的价值。

总之，讼卦提醒我们在生活中要谨慎处事、团结友好，不好争论、不好挑衅，用心平和的态度，解决争端，获得真正的胜利"
"周易中讼卦为六十四卦之一，由上乾下坎组成。卦象中，乾为天，为刚；坎为水，为险。两者相对冲突，必定引发争论和讼事。此时，虽有利可图（获得俘虏），但要警惕戒惧，否则难以避免凶险。在占筮时，得此爻，有利于会见贵族王公，但不利于涉水渡河。

讼卦的核心哲学是：争讼无利。在日常生活中，人们应该懂得相互谦让而不是挑起争端，避免战争和暴力。此卦为提醒人们谋事之初必须慎之又慎，杜绝争讼。遇到争论和纷争时，与其执着于自己的立场，不如采取更为温和的方式处理，寻求和解，这样便会避免引发诉讼之灾。

在决策领域，讼卦暗示着在面对挑战和竞争时，不宜盲目冲突和强初始化，应保持清醒的头脑，寻求合适的解决方案，适可而止。只有这样，才能避免不必要的纠纷和冲突，为自己和他人创造更大的价值。

总之，讼卦提醒我们在生活中要谨慎处事、团结友好，不好争论、不好挑衅，用心平和的态度，解决争端，获得真正的胜利的象征意义是什么？","讼卦为六十四卦之一，由上乾下坎组成。卦象中，乾为天，为刚；坎为水，为险。两者相对冲突，必定引发争论和讼事。此时，虽有利可图（获得俘虏），但要警惕戒惧，否则难以避免凶险。在占筮时，得此爻，有利于会见贵族王公，但不利于涉水渡河。

讼卦的核心哲学是：争讼无利。在日常生活中，人们应该懂得相互谦让而不是挑起争端，避免战争和暴力。此卦为提醒人们谋事之初必须慎之又慎，杜绝争讼。遇到争论和纷争时，与其执着于自己的立场，不如采取更为温和的方式处理，寻求和解，这样便会避免引发诉讼之灾。

在决策领域，讼卦暗示着在面对挑战和竞争时，不宜盲目冲突和强初始化，应保持清醒的头脑，寻求合适的解决方案，适可而止。只有这样，才能避免不必要的纠纷和冲突，为自己和他人创造更大的价值。

总之，讼卦提醒我们在生活中要谨慎处事、团结友好，不好争论、不好挑衅，用心平和的态度，解决争端，获得真正的胜利"
"讼卦为六十四卦之一，由上乾下坎组成。卦象中，乾为天，为刚；坎为水，为险。两者相对冲突，必定引发争论和讼事。此时，虽有利可图（获得俘虏），但要警惕戒惧，否则难以避免凶险。在占筮时，得此爻，有利于会见贵族王公，但不利于涉水渡河。

讼卦的核心哲学是：争讼无利。在日常生活中，人们应该懂得相互谦让而不是挑起争端，避免战争和暴力。此卦为提醒人们谋事之初必须慎之又慎，杜绝争讼。遇到争论和纷争时，与其执着于自己的立场，不如采取更为温和的方式处理，寻求和解，这样便会避免引发诉讼之灾。

在决策领域，讼卦暗示着在面对挑战和竞争时，不宜盲目冲突和强初始化，应保持清醒的头脑，寻求合适的解决方案，适可而止。只有这样，才能避免不必要的纠纷和冲突，为自己和他人创造更大的价值。

总之，讼卦提醒我们在生活中要谨慎处事、团结友好，不好争论、不好挑衅，用心平和的态度，解决争端，获得真正的胜利的主要讲述内容是什么？","讼卦为六十四卦之一，由上乾下坎组成。卦象中，乾为天，为刚；坎为水，为险。两者相对冲突，必定引发争论和讼事。此时，虽有利可图（获得俘虏），但要警惕戒惧，否则难以避免凶险。在占筮时，得此爻，有利于会见贵族王公，但不利于涉水渡河。

讼卦的核心哲学是：争讼无利。在日常生活中，人们应该懂得相互谦让而不是挑起争端，避免战争和暴力。此卦为提醒人们谋事之初必须慎之又慎，杜绝争讼。遇到争论和纷争时，与其执着于自己的立场，不如采取更为温和的方式处理，寻求和解，这样便会避免引发诉讼之灾。

在决策领域，讼卦暗示着在面对挑战和竞争时，不宜盲目冲突和强初始化，应保持清醒的头脑，寻求合适的解决方案，适可而止。只有这样，才能避免不必要的纠纷和冲突，为自己和他人创造更大的价值。

总之，讼卦提醒我们在生活中要谨慎处事、团结友好，不好争论、不好挑衅，用心平和的态度，解决争端，获得真正的胜利"
"周易讼卦为六十四卦之一，由上乾下坎组成。卦象中，乾为天，为刚；坎为水，为险。两者相对冲突，必定引发争论和讼事。此时，虽有利可图（获得俘虏），但要警惕戒惧，否则难以避免凶险。在占筮时，得此爻，有利于会见贵族王公，但不利于涉水渡河。

讼卦的核心哲学是：争讼无利。在日常生活中，人们应该懂得相互谦让而不是挑起争端，避免战争和暴力。此卦为提醒人们谋事之初必须慎之又慎，杜绝争讼。遇到争论和纷争时，与其执着于自己的立场，不如采取更为温和的方式处理，寻求和解，这样便会避免引发诉讼之灾。

在决策领域，讼卦暗示着在面对挑战和竞争时，不宜盲目冲突和强初始化，应保持清醒的头脑，寻求合适的解决方案，适可而止。只有这样，才能避免不必要的纠纷和冲突，为自己和他人创造更大的价值。

总之，讼卦提醒我们在生活中要谨慎处事、团结友好，不好争论、不好挑衅，用心平和的态度，解决争端，获得真正的胜利的核心思想是什么？","讼卦为六十四卦之一，由上乾下坎组成。卦象中，乾为天，为刚；坎为水，为险。两者相对冲突，必定引发争论和讼事。此时，虽有利可图（获得俘虏），但要警惕戒惧，否则难以避免凶险。在占筮时，得此爻，有利于会见贵族王公，但不利于涉水渡河。

讼卦的核心哲学是：争讼无利。在日常生活中，人们应该懂得相互谦让而不是挑起争端，避免战争和暴力。此卦为提醒人们谋事之初必须慎之又慎，杜绝争讼。遇到争论和纷争时，与其执着于自己的立场，不如采取更为温和的方式处理，寻求和解，这样便会避免引发诉讼之灾。

在决策领域，讼卦暗示着在面对挑战和竞争时，不宜盲目冲突和强初始化，应保持清醒的头脑，寻求合适的解决方案，适可而止。只有这样，才能避免不必要的纠纷和冲突，为自己和他人创造更大的价值。

总之，讼卦提醒我们在生活中要谨慎处事、团结友好，不好争论、不好挑衅，用心平和的态度，解决争端，获得真正的胜利"
"讼卦为六十四卦之一，由上乾下坎组成。卦象中，乾为天，为刚；坎为水，为险。两者相对冲突，必定引发争论和讼事。此时，虽有利可图（获得俘虏），但要警惕戒惧，否则难以避免凶险。在占筮时，得此爻，有利于会见贵族王公，但不利于涉水渡河。

讼卦的核心哲学是：争讼无利。在日常生活中，人们应该懂得相互谦让而不是挑起争端，避免战争和暴力。此卦为提醒人们谋事之初必须慎之又慎，杜绝争讼。遇到争论和纷争时，与其执着于自己的立场，不如采取更为温和的方式处理，寻求和解，这样便会避免引发诉讼之灾。

在决策领域，讼卦暗示着在面对挑战和竞争时，不宜盲目冲突和强初始化，应保持清醒的头脑，寻求合适的解决方案，适可而止。只有这样，才能避免不必要的纠纷和冲突，为自己和他人创造更大的价值。

总之，讼卦提醒我们在生活中要谨慎处事、团结友好，不好争论、不好挑衅，用心平和的态度，解决争端，获得真正的胜利和启蒙教育之间有何联系？","讼卦为六十四卦之一，由上乾下坎组成。卦象中，乾为天，为刚；坎为水，为险。两者相对冲突，必定引发争论和讼事。此时，虽有利可图（获得俘虏），但要警惕戒惧，否则难以避免凶险。在占筮时，得此爻，有利于会见贵族王公，但不利于涉水渡河。

讼卦的核心哲学是：争讼无利。在日常生活中，人们应该懂得相互谦让而不是挑起争端，避免战争和暴力。此卦为提醒人们谋事之初必须慎之又慎，杜绝争讼。遇到争论和纷争时，与其执着于自己的立场，不如采取更为温和的方式处理，寻求和解，这样便会避免引发诉讼之灾。

在决策领域，讼卦暗示着在面对挑战和竞争时，不宜盲目冲突和强初始化，应保持清醒的头脑，寻求合适的解决方案，适可而止。只有这样，才能避免不必要的纠纷和冲突，为自己和他人创造更大的价值。

总之，讼卦提醒我们在生活中要谨慎处事、团结友好，不好争论、不好挑衅，用心平和的态度，解决争端，获得真正的胜利"
"在周易中，讼卦为六十四卦之一，由上乾下坎组成。卦象中，乾为天，为刚；坎为水，为险。两者相对冲突，必定引发争论和讼事。此时，虽有利可图（获得俘虏），但要警惕戒惧，否则难以避免凶险。在占筮时，得此爻，有利于会见贵族王公，但不利于涉水渡河。

讼卦的核心哲学是：争讼无利。在日常生活中，人们应该懂得相互谦让而不是挑起争端，避免战争和暴力。此卦为提醒人们谋事之初必须慎之又慎，杜绝争讼。遇到争论和纷争时，与其执着于自己的立场，不如采取更为温和的方式处理，寻求和解，这样便会避免引发诉讼之灾。

在决策领域，讼卦暗示着在面对挑战和竞争时，不宜盲目冲突和强初始化，应保持清醒的头脑，寻求合适的解决方案，适可而止。只有这样，才能避免不必要的纠纷和冲突，为自己和他人创造更大的价值。

总之，讼卦提醒我们在生活中要谨慎处事、团结友好，不好争论、不好挑衅，用心平和的态度，解决争端，获得真正的胜利象征着什么？","讼卦为六十四卦之一，由上乾下坎组成。卦象中，乾为天，为刚；坎为水，为险。两者相对冲突，必定引发争论和讼事。此时，虽有利可图（获得俘虏），但要警惕戒惧，否则难以避免凶险。在占筮时，得此爻，有利于会见贵族王公，但不利于涉水渡河。

讼卦的核心哲学是：争讼无利。在日常生活中，人们应该懂得相互谦让而不是挑起争端，避免战争和暴力。此卦为提醒人们谋事之初必须慎之又慎，杜绝争讼。遇到争论和纷争时，与其执着于自己的立场，不如采取更为温和的方式处理，寻求和解，这样便会避免引发诉讼之灾。

在决策领域，讼卦暗示着在面对挑战和竞争时，不宜盲目冲突和强初始化，应保持清醒的头脑，寻求合适的解决方案，适可而止。只有这样，才能避免不必要的纠纷和冲突，为自己和他人创造更大的价值。

总之，讼卦提醒我们在生活中要谨慎处事、团结友好，不好争论、不好挑衅，用心平和的态度，解决争端，获得真正的胜利"
"请描述讼卦为六十四卦之一，由上乾下坎组成。卦象中，乾为天，为刚；坎为水，为险。两者相对冲突，必定引发争论和讼事。此时，虽有利可图（获得俘虏），但要警惕戒惧，否则难以避免凶险。在占筮时，得此爻，有利于会见贵族王公，但不利于涉水渡河。

讼卦的核心哲学是：争讼无利。在日常生活中，人们应该懂得相互谦让而不是挑起争端，避免战争和暴力。此卦为提醒人们谋事之初必须慎之又慎，杜绝争讼。遇到争论和纷争时，与其执着于自己的立场，不如采取更为温和的方式处理，寻求和解，这样便会避免引发诉讼之灾。

在决策领域，讼卦暗示着在面对挑战和竞争时，不宜盲目冲突和强初始化，应保持清醒的头脑，寻求合适的解决方案，适可而止。只有这样，才能避免不必要的纠纷和冲突，为自己和他人创造更大的价值。

总之，讼卦提醒我们在生活中要谨慎处事、团结友好，不好争论、不好挑衅，用心平和的态度，解决争端，获得真正的胜利的含义。","讼卦为六十四卦之一，由上乾下坎组成。卦象中，乾为天，为刚；坎为水，为险。两者相对冲突，必定引发争论和讼事。此时，虽有利可图（获得俘虏），但要警惕戒惧，否则难以避免凶险。在占筮时，得此爻，有利于会见贵族王公，但不利于涉水渡河。

讼卦的核心哲学是：争讼无利。在日常生活中，人们应该懂得相互谦让而不是挑起争端，避免战争和暴力。此卦为提醒人们谋事之初必须慎之又慎，杜绝争讼。遇到争论和纷争时，与其执着于自己的立场，不如采取更为温和的方式处理，寻求和解，这样便会避免引发诉讼之灾。

在决策领域，讼卦暗示着在面对挑战和竞争时，不宜盲目冲突和强初始化，应保持清醒的头脑，寻求合适的解决方案，适可而止。只有这样，才能避免不必要的纠纷和冲突，为自己和他人创造更大的价值。

总之，讼卦提醒我们在生活中要谨慎处事、团结友好，不好争论、不好挑衅，用心平和的态度，解决争端，获得真正的胜利"
"讼卦为六十四卦之一，由上乾下坎组成。卦象中，乾为天，为刚；坎为水，为险。两者相对冲突，必定引发争论和讼事。此时，虽有利可图（获得俘虏），但要警惕戒惧，否则难以避免凶险。在占筮时，得此爻，有利于会见贵族王公，但不利于涉水渡河。

讼卦的核心哲学是：争讼无利。在日常生活中，人们应该懂得相互谦让而不是挑起争端，避免战争和暴力。此卦为提醒人们谋事之初必须慎之又慎，杜绝争讼。遇到争论和纷争时，与其执着于自己的立场，不如采取更为温和的方式处理，寻求和解，这样便会避免引发诉讼之灾。

在决策领域，讼卦暗示着在面对挑战和竞争时，不宜盲目冲突和强初始化，应保持清醒的头脑，寻求合适的解决方案，适可而止。只有这样，才能避免不必要的纠纷和冲突，为自己和他人创造更大的价值。

总之，讼卦提醒我们在生活中要谨慎处事、团结友好，不好争论、不好挑衅，用心平和的态度，解决争端，获得真正的胜利在周易哲学中扮演什么角色？","讼卦为六十四卦之一，由上乾下坎组成。卦象中，乾为天，为刚；坎为水，为险。两者相对冲突，必定引发争论和讼事。此时，虽有利可图（获得俘虏），但要警惕戒惧，否则难以避免凶险。在占筮时，得此爻，有利于会见贵族王公，但不利于涉水渡河。

讼卦的核心哲学是：争讼无利。在日常生活中，人们应该懂得相互谦让而不是挑起争端，避免战争和暴力。此卦为提醒人们谋事之初必须慎之又慎，杜绝争讼。遇到争论和纷争时，与其执着于自己的立场，不如采取更为温和的方式处理，寻求和解，这样便会避免引发诉讼之灾。

在决策领域，讼卦暗示着在面对挑战和竞争时，不宜盲目冲突和强初始化，应保持清醒的头脑，寻求合适的解决方案，适可而止。只有这样，才能避免不必要的纠纷和冲突，为自己和他人创造更大的价值。

总之，讼卦提醒我们在生活中要谨慎处事、团结友好，不好争论、不好挑衅，用心平和的态度，解决争端，获得真正的胜利"
师卦代表什么？,师卦是一个极具深意的卦象，由上卦坤（地）下卦坎（水）而成。在古代周朝时期，这一卦象被视作代表军队和兵力的象征。在占卜的结果中，师卦预示着出征将会顺利，没有灾祸。然而，该卦象的哲学意义更深刻，强调使用武力只能是圣人不得已而为之的最后手段。正确运用兵力，适应战争的形势，才能成功地化危为安。君子观此卦象，取法于容纳江河的大地，收容和畜养大众。
周易中的师卦含义是什么？,师卦是一个极具深意的卦象，由上卦坤（地）下卦坎（水）而成。在古代周朝时期，这一卦象被视作代表军队和兵力的象征。在占卜的结果中，师卦预示着出征将会顺利，没有灾祸。然而，该卦象的哲学意义更深刻，强调使用武力只能是圣人不得已而为之的最后手段。正确运用兵力，适应战争的形势，才能成功地化危为安。君子观此卦象，取法于容纳江河的大地，收容和畜养大众。
请解释一下师卦。,师卦是一个极具深意的卦象，由上卦坤（地）下卦坎（水）而成。在古代周朝时期，这一卦象被视作代表军队和兵力的象征。在占卜的结果中，师卦预示着出征将会顺利，没有灾祸。然而，该卦象的哲学意义更深刻，强调使用武力只能是圣人不得已而为之的最后手段。正确运用兵力，适应战争的形势，才能成功地化危为安。君子观此卦象，取法于容纳江河的大地，收容和畜养大众。
师卦在周易中是什么象征？,师卦是一个极具深意的卦象，由上卦坤（地）下卦坎（水）而成。在古代周朝时期，这一卦象被视作代表军队和兵力的象征。在占卜的结果中，师卦预示着出征将会顺利，没有灾祸。然而，该卦象的哲学意义更深刻，强调使用武力只能是圣人不得已而为之的最后手段。正确运用兵力，适应战争的形势，才能成功地化危为安。君子观此卦象，取法于容纳江河的大地，收容和畜养大众。
周易师卦的深层含义是什么？,师卦是一个极具深意的卦象，由上卦坤（地）下卦坎（水）而成。在古代周朝时期，这一卦象被视作代表军队和兵力的象征。在占卜的结果中，师卦预示着出征将会顺利，没有灾祸。然而，该卦象的哲学意义更深刻，强调使用武力只能是圣人不得已而为之的最后手段。正确运用兵力，适应战争的形势，才能成功地化危为安。君子观此卦象，取法于容纳江河的大地，收容和畜养大众。
师卦和教育启蒙有什么联系？,师卦是一个极具深意的卦象，由上卦坤（地）下卦坎（水）而成。在古代周朝时期，这一卦象被视作代表军队和兵力的象征。在占卜的结果中，师卦预示着出征将会顺利，没有灾祸。然而，该卦象的哲学意义更深刻，强调使用武力只能是圣人不得已而为之的最后手段。正确运用兵力，适应战争的形势，才能成功地化危为安。君子观此卦象，取法于容纳江河的大地，收容和畜养大众。
周易的师卦讲述了什么？,师卦是一个极具深意的卦象，由上卦坤（地）下卦坎（水）而成。在古代周朝时期，这一卦象被视作代表军队和兵力的象征。在占卜的结果中，师卦预示着出征将会顺利，没有灾祸。然而，该卦象的哲学意义更深刻，强调使用武力只能是圣人不得已而为之的最后手段。正确运用兵力，适应战争的形势，才能成功地化危为安。君子观此卦象，取法于容纳江河的大地，收容和畜养大众。
师卦是怎样的一个卦象？,师卦是一个极具深意的卦象，由上卦坤（地）下卦坎（水）而成。在古代周朝时期，这一卦象被视作代表军队和兵力的象征。在占卜的结果中，师卦预示着出征将会顺利，没有灾祸。然而，该卦象的哲学意义更深刻，强调使用武力只能是圣人不得已而为之的最后手段。正确运用兵力，适应战争的形势，才能成功地化危为安。君子观此卦象，取法于容纳江河的大地，收容和畜养大众。
师卦在周易中怎样表达教育的概念？,师卦是一个极具深意的卦象，由上卦坤（地）下卦坎（水）而成。在古代周朝时期，这一卦象被视作代表军队和兵力的象征。在占卜的结果中，师卦预示着出征将会顺利，没有灾祸。然而，该卦象的哲学意义更深刻，强调使用武力只能是圣人不得已而为之的最后手段。正确运用兵力，适应战争的形势，才能成功地化危为安。君子观此卦象，取法于容纳江河的大地，收容和畜养大众。
师卦的基本意义是什么？,师卦是一个极具深意的卦象，由上卦坤（地）下卦坎（水）而成。在古代周朝时期，这一卦象被视作代表军队和兵力的象征。在占卜的结果中，师卦预示着出征将会顺利，没有灾祸。然而，该卦象的哲学意义更深刻，强调使用武力只能是圣人不得已而为之的最后手段。正确运用兵力，适应战争的形势，才能成功地化危为安。君子观此卦象，取法于容纳江河的大地，收容和畜养大众。
周易中师卦的解释是什么？,师卦是一个极具深意的卦象，由上卦坤（地）下卦坎（水）而成。在古代周朝时期，这一卦象被视作代表军队和兵力的象征。在占卜的结果中，师卦预示着出征将会顺利，没有灾祸。然而，该卦象的哲学意义更深刻，强调使用武力只能是圣人不得已而为之的最后手段。正确运用兵力，适应战争的形势，才能成功地化危为安。君子观此卦象，取法于容纳江河的大地，收容和畜养大众。
师卦在周易中代表了哪些方面？,师卦是一个极具深意的卦象，由上卦坤（地）下卦坎（水）而成。在古代周朝时期，这一卦象被视作代表军队和兵力的象征。在占卜的结果中，师卦预示着出征将会顺利，没有灾祸。然而，该卦象的哲学意义更深刻，强调使用武力只能是圣人不得已而为之的最后手段。正确运用兵力，适应战争的形势，才能成功地化危为安。君子观此卦象，取法于容纳江河的大地，收容和畜养大众。
师卦涉及哪些哲学思想？,师卦是一个极具深意的卦象，由上卦坤（地）下卦坎（水）而成。在古代周朝时期，这一卦象被视作代表军队和兵力的象征。在占卜的结果中，师卦预示着出征将会顺利，没有灾祸。然而，该卦象的哲学意义更深刻，强调使用武力只能是圣人不得已而为之的最后手段。正确运用兵力，适应战争的形势，才能成功地化危为安。君子观此卦象，取法于容纳江河的大地，收容和畜养大众。
周易中师卦的象征意义是什么？,师卦是一个极具深意的卦象，由上卦坤（地）下卦坎（水）而成。在古代周朝时期，这一卦象被视作代表军队和兵力的象征。在占卜的结果中，师卦预示着出征将会顺利，没有灾祸。然而，该卦象的哲学意义更深刻，强调使用武力只能是圣人不得已而为之的最后手段。正确运用兵力，适应战争的形势，才能成功地化危为安。君子观此卦象，取法于容纳江河的大地，收容和畜养大众。
师卦的主要讲述内容是什么？,师卦是一个极具深意的卦象，由上卦坤（地）下卦坎（水）而成。在古代周朝时期，这一卦象被视作代表军队和兵力的象征。在占卜的结果中，师卦预示着出征将会顺利，没有灾祸。然而，该卦象的哲学意义更深刻，强调使用武力只能是圣人不得已而为之的最后手段。正确运用兵力，适应战争的形势，才能成功地化危为安。君子观此卦象，取法于容纳江河的大地，收容和畜养大众。
周易师卦的核心思想是什么？,师卦是一个极具深意的卦象，由上卦坤（地）下卦坎（水）而成。在古代周朝时期，这一卦象被视作代表军队和兵力的象征。在占卜的结果中，师卦预示着出征将会顺利，没有灾祸。然而，该卦象的哲学意义更深刻，强调使用武力只能是圣人不得已而为之的最后手段。正确运用兵力，适应战争的形势，才能成功地化危为安。君子观此卦象，取法于容纳江河的大地，收容和畜养大众。
师卦和启蒙教育之间有何联系？,师卦是一个极具深意的卦象，由上卦坤（地）下卦坎（水）而成。在古代周朝时期，这一卦象被视作代表军队和兵力的象征。在占卜的结果中，师卦预示着出征将会顺利，没有灾祸。然而，该卦象的哲学意义更深刻，强调使用武力只能是圣人不得已而为之的最后手段。正确运用兵力，适应战争的形势，才能成功地化危为安。君子观此卦象，取法于容纳江河的大地，收容和畜养大众。
在周易中，师卦象征着什么？,师卦是一个极具深意的卦象，由上卦坤（地）下卦坎（水）而成。在古代周朝时期，这一卦象被视作代表军队和兵力的象征。在占卜的结果中，师卦预示着出征将会顺利，没有灾祸。然而，该卦象的哲学意义更深刻，强调使用武力只能是圣人不得已而为之的最后手段。正确运用兵力，适应战争的形势，才能成功地化危为安。君子观此卦象，取法于容纳江河的大地，收容和畜养大众。
请描述师卦的含义。,师卦是一个极具深意的卦象，由上卦坤（地）下卦坎（水）而成。在古代周朝时期，这一卦象被视作代表军队和兵力的象征。在占卜的结果中，师卦预示着出征将会顺利，没有灾祸。然而，该卦象的哲学意义更深刻，强调使用武力只能是圣人不得已而为之的最后手段。正确运用兵力，适应战争的形势，才能成功地化危为安。君子观此卦象，取法于容纳江河的大地，收容和畜养大众。
师卦在周易哲学中扮演什么角色？,师卦是一个极具深意的卦象，由上卦坤（地）下卦坎（水）而成。在古代周朝时期，这一卦象被视作代表军队和兵力的象征。在占卜的结果中，师卦预示着出征将会顺利，没有灾祸。然而，该卦象的哲学意义更深刻，强调使用武力只能是圣人不得已而为之的最后手段。正确运用兵力，适应战争的形势，才能成功地化危为安。君子观此卦象，取法于容纳江河的大地，收容和畜养大众。
"一，为坤宫归魂卦。卦象为坤下坎上，坤象征大地，坎象征水，寓意水附大地，地纳江河。比卦阐述相亲相依、宽宏无私、精诚团结的道理，是与师卦相对应的综卦。

得此卦者，可获得朋友之助，众人之力，谋事容易成功，荣显之极，十分吉祥顺利。卜问长期吉凶无咎，只有那些不愿臣服的邦国迟迟不来，这种后夫凶的情况需要留意。

先王以建立万国，亲近诸侯的方式来领悟比卦。在人际交往方面，宜以诚待人，待人宽厚、正直。向才德高尚的人士学习，听取建议，多思考，善于判断是非。要注意选择朋友，一旦结上品行不端的人，会成为自己的祸患。如果与比自己高明的人交朋友，并取得帮助，会终身受益代表什么？","一，为坤宫归魂卦。卦象为坤下坎上，坤象征大地，坎象征水，寓意水附大地，地纳江河。比卦阐述相亲相依、宽宏无私、精诚团结的道理，是与师卦相对应的综卦。

得此卦者，可获得朋友之助，众人之力，谋事容易成功，荣显之极，十分吉祥顺利。卜问长期吉凶无咎，只有那些不愿臣服的邦国迟迟不来，这种后夫凶的情况需要留意。

先王以建立万国，亲近诸侯的方式来领悟比卦。在人际交往方面，宜以诚待人，待人宽厚、正直。向才德高尚的人士学习，听取建议，多思考，善于判断是非。要注意选择朋友，一旦结上品行不端的人，会成为自己的祸患。如果与比自己高明的人交朋友，并取得帮助，会终身受益"
"周易中的一，为坤宫归魂卦。卦象为坤下坎上，坤象征大地，坎象征水，寓意水附大地，地纳江河。比卦阐述相亲相依、宽宏无私、精诚团结的道理，是与师卦相对应的综卦。

得此卦者，可获得朋友之助，众人之力，谋事容易成功，荣显之极，十分吉祥顺利。卜问长期吉凶无咎，只有那些不愿臣服的邦国迟迟不来，这种后夫凶的情况需要留意。

先王以建立万国，亲近诸侯的方式来领悟比卦。在人际交往方面，宜以诚待人，待人宽厚、正直。向才德高尚的人士学习，听取建议，多思考，善于判断是非。要注意选择朋友，一旦结上品行不端的人，会成为自己的祸患。如果与比自己高明的人交朋友，并取得帮助，会终身受益含义是什么？","一，为坤宫归魂卦。卦象为坤下坎上，坤象征大地，坎象征水，寓意水附大地，地纳江河。比卦阐述相亲相依、宽宏无私、精诚团结的道理，是与师卦相对应的综卦。

得此卦者，可获得朋友之助，众人之力，谋事容易成功，荣显之极，十分吉祥顺利。卜问长期吉凶无咎，只有那些不愿臣服的邦国迟迟不来，这种后夫凶的情况需要留意。

先王以建立万国，亲近诸侯的方式来领悟比卦。在人际交往方面，宜以诚待人，待人宽厚、正直。向才德高尚的人士学习，听取建议，多思考，善于判断是非。要注意选择朋友，一旦结上品行不端的人，会成为自己的祸患。如果与比自己高明的人交朋友，并取得帮助，会终身受益"
"请解释一下一，为坤宫归魂卦。卦象为坤下坎上，坤象征大地，坎象征水，寓意水附大地，地纳江河。比卦阐述相亲相依、宽宏无私、精诚团结的道理，是与师卦相对应的综卦。

得此卦者，可获得朋友之助，众人之力，谋事容易成功，荣显之极，十分吉祥顺利。卜问长期吉凶无咎，只有那些不愿臣服的邦国迟迟不来，这种后夫凶的情况需要留意。

先王以建立万国，亲近诸侯的方式来领悟比卦。在人际交往方面，宜以诚待人，待人宽厚、正直。向才德高尚的人士学习，听取建议，多思考，善于判断是非。要注意选择朋友，一旦结上品行不端的人，会成为自己的祸患。如果与比自己高明的人交朋友，并取得帮助，会终身受益。","一，为坤宫归魂卦。卦象为坤下坎上，坤象征大地，坎象征水，寓意水附大地，地纳江河。比卦阐述相亲相依、宽宏无私、精诚团结的道理，是与师卦相对应的综卦。

得此卦者，可获得朋友之助，众人之力，谋事容易成功，荣显之极，十分吉祥顺利。卜问长期吉凶无咎，只有那些不愿臣服的邦国迟迟不来，这种后夫凶的情况需要留意。

先王以建立万国，亲近诸侯的方式来领悟比卦。在人际交往方面，宜以诚待人，待人宽厚、正直。向才德高尚的人士学习，听取建议，多思考，善于判断是非。要注意选择朋友，一旦结上品行不端的人，会成为自己的祸患。如果与比自己高明的人交朋友，并取得帮助，会终身受益"
"一，为坤宫归魂卦。卦象为坤下坎上，坤象征大地，坎象征水，寓意水附大地，地纳江河。比卦阐述相亲相依、宽宏无私、精诚团结的道理，是与师卦相对应的综卦。

得此卦者，可获得朋友之助，众人之力，谋事容易成功，荣显之极，十分吉祥顺利。卜问长期吉凶无咎，只有那些不愿臣服的邦国迟迟不来，这种后夫凶的情况需要留意。

先王以建立万国，亲近诸侯的方式来领悟比卦。在人际交往方面，宜以诚待人，待人宽厚、正直。向才德高尚的人士学习，听取建议，多思考，善于判断是非。要注意选择朋友，一旦结上品行不端的人，会成为自己的祸患。如果与比自己高明的人交朋友，并取得帮助，会终身受益在周易中是什么象征？","一，为坤宫归魂卦。卦象为坤下坎上，坤象征大地，坎象征水，寓意水附大地，地纳江河。比卦阐述相亲相依、宽宏无私、精诚团结的道理，是与师卦相对应的综卦。

得此卦者，可获得朋友之助，众人之力，谋事容易成功，荣显之极，十分吉祥顺利。卜问长期吉凶无咎，只有那些不愿臣服的邦国迟迟不来，这种后夫凶的情况需要留意。

先王以建立万国，亲近诸侯的方式来领悟比卦。在人际交往方面，宜以诚待人，待人宽厚、正直。向才德高尚的人士学习，听取建议，多思考，善于判断是非。要注意选择朋友，一旦结上品行不端的人，会成为自己的祸患。如果与比自己高明的人交朋友，并取得帮助，会终身受益"
"周易一，为坤宫归魂卦。卦象为坤下坎上，坤象征大地，坎象征水，寓意水附大地，地纳江河。比卦阐述相亲相依、宽宏无私、精诚团结的道理，是与师卦相对应的综卦。

得此卦者，可获得朋友之助，众人之力，谋事容易成功，荣显之极，十分吉祥顺利。卜问长期吉凶无咎，只有那些不愿臣服的邦国迟迟不来，这种后夫凶的情况需要留意。

先王以建立万国，亲近诸侯的方式来领悟比卦。在人际交往方面，宜以诚待人，待人宽厚、正直。向才德高尚的人士学习，听取建议，多思考，善于判断是非。要注意选择朋友，一旦结上品行不端的人，会成为自己的祸患。如果与比自己高明的人交朋友，并取得帮助，会终身受益的深层含义是什么？","一，为坤宫归魂卦。卦象为坤下坎上，坤象征大地，坎象征水，寓意水附大地，地纳江河。比卦阐述相亲相依、宽宏无私、精诚团结的道理，是与师卦相对应的综卦。

得此卦者，可获得朋友之助，众人之力，谋事容易成功，荣显之极，十分吉祥顺利。卜问长期吉凶无咎，只有那些不愿臣服的邦国迟迟不来，这种后夫凶的情况需要留意。

先王以建立万国，亲近诸侯的方式来领悟比卦。在人际交往方面，宜以诚待人，待人宽厚、正直。向才德高尚的人士学习，听取建议，多思考，善于判断是非。要注意选择朋友，一旦结上品行不端的人，会成为自己的祸患。如果与比自己高明的人交朋友，并取得帮助，会终身受益"
"一，为坤宫归魂卦。卦象为坤下坎上，坤象征大地，坎象征水，寓意水附大地，地纳江河。比卦阐述相亲相依、宽宏无私、精诚团结的道理，是与师卦相对应的综卦。

得此卦者，可获得朋友之助，众人之力，谋事容易成功，荣显之极，十分吉祥顺利。卜问长期吉凶无咎，只有那些不愿臣服的邦国迟迟不来，这种后夫凶的情况需要留意。

先王以建立万国，亲近诸侯的方式来领悟比卦。在人际交往方面，宜以诚待人，待人宽厚、正直。向才德高尚的人士学习，听取建议，多思考，善于判断是非。要注意选择朋友，一旦结上品行不端的人，会成为自己的祸患。如果与比自己高明的人交朋友，并取得帮助，会终身受益和教育启蒙有什么联系？","一，为坤宫归魂卦。卦象为坤下坎上，坤象征大地，坎象征水，寓意水附大地，地纳江河。比卦阐述相亲相依、宽宏无私、精诚团结的道理，是与师卦相对应的综卦。

得此卦者，可获得朋友之助，众人之力，谋事容易成功，荣显之极，十分吉祥顺利。卜问长期吉凶无咎，只有那些不愿臣服的邦国迟迟不来，这种后夫凶的情况需要留意。

先王以建立万国，亲近诸侯的方式来领悟比卦。在人际交往方面，宜以诚待人，待人宽厚、正直。向才德高尚的人士学习，听取建议，多思考，善于判断是非。要注意选择朋友，一旦结上品行不端的人，会成为自己的祸患。如果与比自己高明的人交朋友，并取得帮助，会终身受益"
"周易的一，为坤宫归魂卦。卦象为坤下坎上，坤象征大地，坎象征水，寓意水附大地，地纳江河。比卦阐述相亲相依、宽宏无私、精诚团结的道理，是与师卦相对应的综卦。

得此卦者，可获得朋友之助，众人之力，谋事容易成功，荣显之极，十分吉祥顺利。卜问长期吉凶无咎，只有那些不愿臣服的邦国迟迟不来，这种后夫凶的情况需要留意。

先王以建立万国，亲近诸侯的方式来领悟比卦。在人际交往方面，宜以诚待人，待人宽厚、正直。向才德高尚的人士学习，听取建议，多思考，善于判断是非。要注意选择朋友，一旦结上品行不端的人，会成为自己的祸患。如果与比自己高明的人交朋友，并取得帮助，会终身受益讲述了什么？","一，为坤宫归魂卦。卦象为坤下坎上，坤象征大地，坎象征水，寓意水附大地，地纳江河。比卦阐述相亲相依、宽宏无私、精诚团结的道理，是与师卦相对应的综卦。

得此卦者，可获得朋友之助，众人之力，谋事容易成功，荣显之极，十分吉祥顺利。卜问长期吉凶无咎，只有那些不愿臣服的邦国迟迟不来，这种后夫凶的情况需要留意。

先王以建立万国，亲近诸侯的方式来领悟比卦。在人际交往方面，宜以诚待人，待人宽厚、正直。向才德高尚的人士学习，听取建议，多思考，善于判断是非。要注意选择朋友，一旦结上品行不端的人，会成为自己的祸患。如果与比自己高明的人交朋友，并取得帮助，会终身受益"
"一，为坤宫归魂卦。卦象为坤下坎上，坤象征大地，坎象征水，寓意水附大地，地纳江河。比卦阐述相亲相依、宽宏无私、精诚团结的道理，是与师卦相对应的综卦。

得此卦者，可获得朋友之助，众人之力，谋事容易成功，荣显之极，十分吉祥顺利。卜问长期吉凶无咎，只有那些不愿臣服的邦国迟迟不来，这种后夫凶的情况需要留意。

先王以建立万国，亲近诸侯的方式来领悟比卦。在人际交往方面，宜以诚待人，待人宽厚、正直。向才德高尚的人士学习，听取建议，多思考，善于判断是非。要注意选择朋友，一旦结上品行不端的人，会成为自己的祸患。如果与比自己高明的人交朋友，并取得帮助，会终身受益是怎样的一个卦象？","一，为坤宫归魂卦。卦象为坤下坎上，坤象征大地，坎象征水，寓意水附大地，地纳江河。比卦阐述相亲相依、宽宏无私、精诚团结的道理，是与师卦相对应的综卦。

得此卦者，可获得朋友之助，众人之力，谋事容易成功，荣显之极，十分吉祥顺利。卜问长期吉凶无咎，只有那些不愿臣服的邦国迟迟不来，这种后夫凶的情况需要留意。

先王以建立万国，亲近诸侯的方式来领悟比卦。在人际交往方面，宜以诚待人，待人宽厚、正直。向才德高尚的人士学习，听取建议，多思考，善于判断是非。要注意选择朋友，一旦结上品行不端的人，会成为自己的祸患。如果与比自己高明的人交朋友，并取得帮助，会终身受益"
"一，为坤宫归魂卦。卦象为坤下坎上，坤象征大地，坎象征水，寓意水附大地，地纳江河。比卦阐述相亲相依、宽宏无私、精诚团结的道理，是与师卦相对应的综卦。

得此卦者，可获得朋友之助，众人之力，谋事容易成功，荣显之极，十分吉祥顺利。卜问长期吉凶无咎，只有那些不愿臣服的邦国迟迟不来，这种后夫凶的情况需要留意。

先王以建立万国，亲近诸侯的方式来领悟比卦。在人际交往方面，宜以诚待人，待人宽厚、正直。向才德高尚的人士学习，听取建议，多思考，善于判断是非。要注意选择朋友，一旦结上品行不端的人，会成为自己的祸患。如果与比自己高明的人交朋友，并取得帮助，会终身受益在周易中怎样表达教育的概念？","一，为坤宫归魂卦。卦象为坤下坎上，坤象征大地，坎象征水，寓意水附大地，地纳江河。比卦阐述相亲相依、宽宏无私、精诚团结的道理，是与师卦相对应的综卦。

得此卦者，可获得朋友之助，众人之力，谋事容易成功，荣显之极，十分吉祥顺利。卜问长期吉凶无咎，只有那些不愿臣服的邦国迟迟不来，这种后夫凶的情况需要留意。

先王以建立万国，亲近诸侯的方式来领悟比卦。在人际交往方面，宜以诚待人，待人宽厚、正直。向才德高尚的人士学习，听取建议，多思考，善于判断是非。要注意选择朋友，一旦结上品行不端的人，会成为自己的祸患。如果与比自己高明的人交朋友，并取得帮助，会终身受益"
"一，为坤宫归魂卦。卦象为坤下坎上，坤象征大地，坎象征水，寓意水附大地，地纳江河。比卦阐述相亲相依、宽宏无私、精诚团结的道理，是与师卦相对应的综卦。

得此卦者，可获得朋友之助，众人之力，谋事容易成功，荣显之极，十分吉祥顺利。卜问长期吉凶无咎，只有那些不愿臣服的邦国迟迟不来，这种后夫凶的情况需要留意。

先王以建立万国，亲近诸侯的方式来领悟比卦。在人际交往方面，宜以诚待人，待人宽厚、正直。向才德高尚的人士学习，听取建议，多思考，善于判断是非。要注意选择朋友，一旦结上品行不端的人，会成为自己的祸患。如果与比自己高明的人交朋友，并取得帮助，会终身受益的基本意义是什么？","一，为坤宫归魂卦。卦象为坤下坎上，坤象征大地，坎象征水，寓意水附大地，地纳江河。比卦阐述相亲相依、宽宏无私、精诚团结的道理，是与师卦相对应的综卦。

得此卦者，可获得朋友之助，众人之力，谋事容易成功，荣显之极，十分吉祥顺利。卜问长期吉凶无咎，只有那些不愿臣服的邦国迟迟不来，这种后夫凶的情况需要留意。

先王以建立万国，亲近诸侯的方式来领悟比卦。在人际交往方面，宜以诚待人，待人宽厚、正直。向才德高尚的人士学习，听取建议，多思考，善于判断是非。要注意选择朋友，一旦结上品行不端的人，会成为自己的祸患。如果与比自己高明的人交朋友，并取得帮助，会终身受益"
"周易中一，为坤宫归魂卦。卦象为坤下坎上，坤象征大地，坎象征水，寓意水附大地，地纳江河。比卦阐述相亲相依、宽宏无私、精诚团结的道理，是与师卦相对应的综卦。

得此卦者，可获得朋友之助，众人之力，谋事容易成功，荣显之极，十分吉祥顺利。卜问长期吉凶无咎，只有那些不愿臣服的邦国迟迟不来，这种后夫凶的情况需要留意。

先王以建立万国，亲近诸侯的方式来领悟比卦。在人际交往方面，宜以诚待人，待人宽厚、正直。向才德高尚的人士学习，听取建议，多思考，善于判断是非。要注意选择朋友，一旦结上品行不端的人，会成为自己的祸患。如果与比自己高明的人交朋友，并取得帮助，会终身受益的解释是什么？","一，为坤宫归魂卦。卦象为坤下坎上，坤象征大地，坎象征水，寓意水附大地，地纳江河。比卦阐述相亲相依、宽宏无私、精诚团结的道理，是与师卦相对应的综卦。

得此卦者，可获得朋友之助，众人之力，谋事容易成功，荣显之极，十分吉祥顺利。卜问长期吉凶无咎，只有那些不愿臣服的邦国迟迟不来，这种后夫凶的情况需要留意。

先王以建立万国，亲近诸侯的方式来领悟比卦。在人际交往方面，宜以诚待人，待人宽厚、正直。向才德高尚的人士学习，听取建议，多思考，善于判断是非。要注意选择朋友，一旦结上品行不端的人，会成为自己的祸患。如果与比自己高明的人交朋友，并取得帮助，会终身受益"
"一，为坤宫归魂卦。卦象为坤下坎上，坤象征大地，坎象征水，寓意水附大地，地纳江河。比卦阐述相亲相依、宽宏无私、精诚团结的道理，是与师卦相对应的综卦。

得此卦者，可获得朋友之助，众人之力，谋事容易成功，荣显之极，十分吉祥顺利。卜问长期吉凶无咎，只有那些不愿臣服的邦国迟迟不来，这种后夫凶的情况需要留意。

先王以建立万国，亲近诸侯的方式来领悟比卦。在人际交往方面，宜以诚待人，待人宽厚、正直。向才德高尚的人士学习，听取建议，多思考，善于判断是非。要注意选择朋友，一旦结上品行不端的人，会成为自己的祸患。如果与比自己高明的人交朋友，并取得帮助，会终身受益在周易中代表了哪些方面？","一，为坤宫归魂卦。卦象为坤下坎上，坤象征大地，坎象征水，寓意水附大地，地纳江河。比卦阐述相亲相依、宽宏无私、精诚团结的道理，是与师卦相对应的综卦。

得此卦者，可获得朋友之助，众人之力，谋事容易成功，荣显之极，十分吉祥顺利。卜问长期吉凶无咎，只有那些不愿臣服的邦国迟迟不来，这种后夫凶的情况需要留意。

先王以建立万国，亲近诸侯的方式来领悟比卦。在人际交往方面，宜以诚待人，待人宽厚、正直。向才德高尚的人士学习，听取建议，多思考，善于判断是非。要注意选择朋友，一旦结上品行不端的人，会成为自己的祸患。如果与比自己高明的人交朋友，并取得帮助，会终身受益"
"一，为坤宫归魂卦。卦象为坤下坎上，坤象征大地，坎象征水，寓意水附大地，地纳江河。比卦阐述相亲相依、宽宏无私、精诚团结的道理，是与师卦相对应的综卦。

得此卦者，可获得朋友之助，众人之力，谋事容易成功，荣显之极，十分吉祥顺利。卜问长期吉凶无咎，只有那些不愿臣服的邦国迟迟不来，这种后夫凶的情况需要留意。

先王以建立万国，亲近诸侯的方式来领悟比卦。在人际交往方面，宜以诚待人，待人宽厚、正直。向才德高尚的人士学习，听取建议，多思考，善于判断是非。要注意选择朋友，一旦结上品行不端的人，会成为自己的祸患。如果与比自己高明的人交朋友，并取得帮助，会终身受益涉及哪些哲学思想？","一，为坤宫归魂卦。卦象为坤下坎上，坤象征大地，坎象征水，寓意水附大地，地纳江河。比卦阐述相亲相依、宽宏无私、精诚团结的道理，是与师卦相对应的综卦。

得此卦者，可获得朋友之助，众人之力，谋事容易成功，荣显之极，十分吉祥顺利。卜问长期吉凶无咎，只有那些不愿臣服的邦国迟迟不来，这种后夫凶的情况需要留意。

先王以建立万国，亲近诸侯的方式来领悟比卦。在人际交往方面，宜以诚待人，待人宽厚、正直。向才德高尚的人士学习，听取建议，多思考，善于判断是非。要注意选择朋友，一旦结上品行不端的人，会成为自己的祸患。如果与比自己高明的人交朋友，并取得帮助，会终身受益"
"周易中一，为坤宫归魂卦。卦象为坤下坎上，坤象征大地，坎象征水，寓意水附大地，地纳江河。比卦阐述相亲相依、宽宏无私、精诚团结的道理，是与师卦相对应的综卦。

得此卦者，可获得朋友之助，众人之力，谋事容易成功，荣显之极，十分吉祥顺利。卜问长期吉凶无咎，只有那些不愿臣服的邦国迟迟不来，这种后夫凶的情况需要留意。

先王以建立万国，亲近诸侯的方式来领悟比卦。在人际交往方面，宜以诚待人，待人宽厚、正直。向才德高尚的人士学习，听取建议，多思考，善于判断是非。要注意选择朋友，一旦结上品行不端的人，会成为自己的祸患。如果与比自己高明的人交朋友，并取得帮助，会终身受益的象征意义是什么？","一，为坤宫归魂卦。卦象为坤下坎上，坤象征大地，坎象征水，寓意水附大地，地纳江河。比卦阐述相亲相依、宽宏无私、精诚团结的道理，是与师卦相对应的综卦。

得此卦者，可获得朋友之助，众人之力，谋事容易成功，荣显之极，十分吉祥顺利。卜问长期吉凶无咎，只有那些不愿臣服的邦国迟迟不来，这种后夫凶的情况需要留意。

先王以建立万国，亲近诸侯的方式来领悟比卦。在人际交往方面，宜以诚待人，待人宽厚、正直。向才德高尚的人士学习，听取建议，多思考，善于判断是非。要注意选择朋友，一旦结上品行不端的人，会成为自己的祸患。如果与比自己高明的人交朋友，并取得帮助，会终身受益"
"一，为坤宫归魂卦。卦象为坤下坎上，坤象征大地，坎象征水，寓意水附大地，地纳江河。比卦阐述相亲相依、宽宏无私、精诚团结的道理，是与师卦相对应的综卦。

得此卦者，可获得朋友之助，众人之力，谋事容易成功，荣显之极，十分吉祥顺利。卜问长期吉凶无咎，只有那些不愿臣服的邦国迟迟不来，这种后夫凶的情况需要留意。

先王以建立万国，亲近诸侯的方式来领悟比卦。在人际交往方面，宜以诚待人，待人宽厚、正直。向才德高尚的人士学习，听取建议，多思考，善于判断是非。要注意选择朋友，一旦结上品行不端的人，会成为自己的祸患。如果与比自己高明的人交朋友，并取得帮助，会终身受益的主要讲述内容是什么？","一，为坤宫归魂卦。卦象为坤下坎上，坤象征大地，坎象征水，寓意水附大地，地纳江河。比卦阐述相亲相依、宽宏无私、精诚团结的道理，是与师卦相对应的综卦。

得此卦者，可获得朋友之助，众人之力，谋事容易成功，荣显之极，十分吉祥顺利。卜问长期吉凶无咎，只有那些不愿臣服的邦国迟迟不来，这种后夫凶的情况需要留意。

先王以建立万国，亲近诸侯的方式来领悟比卦。在人际交往方面，宜以诚待人，待人宽厚、正直。向才德高尚的人士学习，听取建议，多思考，善于判断是非。要注意选择朋友，一旦结上品行不端的人，会成为自己的祸患。如果与比自己高明的人交朋友，并取得帮助，会终身受益"
"周易一，为坤宫归魂卦。卦象为坤下坎上，坤象征大地，坎象征水，寓意水附大地，地纳江河。比卦阐述相亲相依、宽宏无私、精诚团结的道理，是与师卦相对应的综卦。

得此卦者，可获得朋友之助，众人之力，谋事容易成功，荣显之极，十分吉祥顺利。卜问长期吉凶无咎，只有那些不愿臣服的邦国迟迟不来，这种后夫凶的情况需要留意。

先王以建立万国，亲近诸侯的方式来领悟比卦。在人际交往方面，宜以诚待人，待人宽厚、正直。向才德高尚的人士学习，听取建议，多思考，善于判断是非。要注意选择朋友，一旦结上品行不端的人，会成为自己的祸患。如果与比自己高明的人交朋友，并取得帮助，会终身受益的核心思想是什么？","一，为坤宫归魂卦。卦象为坤下坎上，坤象征大地，坎象征水，寓意水附大地，地纳江河。比卦阐述相亲相依、宽宏无私、精诚团结的道理，是与师卦相对应的综卦。

得此卦者，可获得朋友之助，众人之力，谋事容易成功，荣显之极，十分吉祥顺利。卜问长期吉凶无咎，只有那些不愿臣服的邦国迟迟不来，这种后夫凶的情况需要留意。

先王以建立万国，亲近诸侯的方式来领悟比卦。在人际交往方面，宜以诚待人，待人宽厚、正直。向才德高尚的人士学习，听取建议，多思考，善于判断是非。要注意选择朋友，一旦结上品行不端的人，会成为自己的祸患。如果与比自己高明的人交朋友，并取得帮助，会终身受益"
"一，为坤宫归魂卦。卦象为坤下坎上，坤象征大地，坎象征水，寓意水附大地，地纳江河。比卦阐述相亲相依、宽宏无私、精诚团结的道理，是与师卦相对应的综卦。

得此卦者，可获得朋友之助，众人之力，谋事容易成功，荣显之极，十分吉祥顺利。卜问长期吉凶无咎，只有那些不愿臣服的邦国迟迟不来，这种后夫凶的情况需要留意。

先王以建立万国，亲近诸侯的方式来领悟比卦。在人际交往方面，宜以诚待人，待人宽厚、正直。向才德高尚的人士学习，听取建议，多思考，善于判断是非。要注意选择朋友，一旦结上品行不端的人，会成为自己的祸患。如果与比自己高明的人交朋友，并取得帮助，会终身受益和启蒙教育之间有何联系？","一，为坤宫归魂卦。卦象为坤下坎上，坤象征大地，坎象征水，寓意水附大地，地纳江河。比卦阐述相亲相依、宽宏无私、精诚团结的道理，是与师卦相对应的综卦。

得此卦者，可获得朋友之助，众人之力，谋事容易成功，荣显之极，十分吉祥顺利。卜问长期吉凶无咎，只有那些不愿臣服的邦国迟迟不来，这种后夫凶的情况需要留意。

先王以建立万国，亲近诸侯的方式来领悟比卦。在人际交往方面，宜以诚待人，待人宽厚、正直。向才德高尚的人士学习，听取建议，多思考，善于判断是非。要注意选择朋友，一旦结上品行不端的人，会成为自己的祸患。如果与比自己高明的人交朋友，并取得帮助，会终身受益"
"在周易中，一，为坤宫归魂卦。卦象为坤下坎上，坤象征大地，坎象征水，寓意水附大地，地纳江河。比卦阐述相亲相依、宽宏无私、精诚团结的道理，是与师卦相对应的综卦。

得此卦者，可获得朋友之助，众人之力，谋事容易成功，荣显之极，十分吉祥顺利。卜问长期吉凶无咎，只有那些不愿臣服的邦国迟迟不来，这种后夫凶的情况需要留意。

先王以建立万国，亲近诸侯的方式来领悟比卦。在人际交往方面，宜以诚待人，待人宽厚、正直。向才德高尚的人士学习，听取建议，多思考，善于判断是非。要注意选择朋友，一旦结上品行不端的人，会成为自己的祸患。如果与比自己高明的人交朋友，并取得帮助，会终身受益象征着什么？","一，为坤宫归魂卦。卦象为坤下坎上，坤象征大地，坎象征水，寓意水附大地，地纳江河。比卦阐述相亲相依、宽宏无私、精诚团结的道理，是与师卦相对应的综卦。

得此卦者，可获得朋友之助，众人之力，谋事容易成功，荣显之极，十分吉祥顺利。卜问长期吉凶无咎，只有那些不愿臣服的邦国迟迟不来，这种后夫凶的情况需要留意。

先王以建立万国，亲近诸侯的方式来领悟比卦。在人际交往方面，宜以诚待人，待人宽厚、正直。向才德高尚的人士学习，听取建议，多思考，善于判断是非。要注意选择朋友，一旦结上品行不端的人，会成为自己的祸患。如果与比自己高明的人交朋友，并取得帮助，会终身受益"
"请描述一，为坤宫归魂卦。卦象为坤下坎上，坤象征大地，坎象征水，寓意水附大地，地纳江河。比卦阐述相亲相依、宽宏无私、精诚团结的道理，是与师卦相对应的综卦。

得此卦者，可获得朋友之助，众人之力，谋事容易成功，荣显之极，十分吉祥顺利。卜问长期吉凶无咎，只有那些不愿臣服的邦国迟迟不来，这种后夫凶的情况需要留意。

先王以建立万国，亲近诸侯的方式来领悟比卦。在人际交往方面，宜以诚待人，待人宽厚、正直。向才德高尚的人士学习，听取建议，多思考，善于判断是非。要注意选择朋友，一旦结上品行不端的人，会成为自己的祸患。如果与比自己高明的人交朋友，并取得帮助，会终身受益的含义。","一，为坤宫归魂卦。卦象为坤下坎上，坤象征大地，坎象征水，寓意水附大地，地纳江河。比卦阐述相亲相依、宽宏无私、精诚团结的道理，是与师卦相对应的综卦。

得此卦者，可获得朋友之助，众人之力，谋事容易成功，荣显之极，十分吉祥顺利。卜问长期吉凶无咎，只有那些不愿臣服的邦国迟迟不来，这种后夫凶的情况需要留意。

先王以建立万国，亲近诸侯的方式来领悟比卦。在人际交往方面，宜以诚待人，待人宽厚、正直。向才德高尚的人士学习，听取建议，多思考，善于判断是非。要注意选择朋友，一旦结上品行不端的人，会成为自己的祸患。如果与比自己高明的人交朋友，并取得帮助，会终身受益"
"一，为坤宫归魂卦。卦象为坤下坎上，坤象征大地，坎象征水，寓意水附大地，地纳江河。比卦阐述相亲相依、宽宏无私、精诚团结的道理，是与师卦相对应的综卦。

得此卦者，可获得朋友之助，众人之力，谋事容易成功，荣显之极，十分吉祥顺利。卜问长期吉凶无咎，只有那些不愿臣服的邦国迟迟不来，这种后夫凶的情况需要留意。

先王以建立万国，亲近诸侯的方式来领悟比卦。在人际交往方面，宜以诚待人，待人宽厚、正直。向才德高尚的人士学习，听取建议，多思考，善于判断是非。要注意选择朋友，一旦结上品行不端的人，会成为自己的祸患。如果与比自己高明的人交朋友，并取得帮助，会终身受益在周易哲学中扮演什么角色？","一，为坤宫归魂卦。卦象为坤下坎上，坤象征大地，坎象征水，寓意水附大地，地纳江河。比卦阐述相亲相依、宽宏无私、精诚团结的道理，是与师卦相对应的综卦。

得此卦者，可获得朋友之助，众人之力，谋事容易成功，荣显之极，十分吉祥顺利。卜问长期吉凶无咎，只有那些不愿臣服的邦国迟迟不来，这种后夫凶的情况需要留意。

先王以建立万国，亲近诸侯的方式来领悟比卦。在人际交往方面，宜以诚待人，待人宽厚、正直。向才德高尚的人士学习，听取建议，多思考，善于判断是非。要注意选择朋友，一旦结上品行不端的人，会成为自己的祸患。如果与比自己高明的人交朋友，并取得帮助，会终身受益"
"重要的卦象之一，它以地为象征，代表着柔顺和谦和。此卦图像形似“地”字，寓意着待人接物要像大地一样茁壮生长，坚韧不拔。

得到此卦的卜者，应该注重内心修养，以柔克刚，以德服众，容忍负重，宽厚大度，顺应形势。在事业方面，坤卦表明要谨慎行事，不可急进，以稳健为妥，顺势而为，善于借助他人之力，共同完成事业；在经商方面，要注意储存货物，待价而沽，处处小心为是。

总而言之，坤卦的哲学意义是追求柔和、和谐、温顺的力量，遵循天道，承载万物。对于人们的行事处世，坤卦教导我们要刚柔并重，兼顾柔性和刚性，以柔克刚，容忍待人，不失正义；在事业和经商上，遵循形势，量力而行，借助同道之人，不断追求进取。这种思想，即“厚德载物”，可谓是中国古代哲学中对人们行事处世最为宝贵的精神财富代表什么？","重要的卦象之一，它以地为象征，代表着柔顺和谦和。此卦图像形似“地”字，寓意着待人接物要像大地一样茁壮生长，坚韧不拔。

得到此卦的卜者，应该注重内心修养，以柔克刚，以德服众，容忍负重，宽厚大度，顺应形势。在事业方面，坤卦表明要谨慎行事，不可急进，以稳健为妥，顺势而为，善于借助他人之力，共同完成事业；在经商方面，要注意储存货物，待价而沽，处处小心为是。

总而言之，坤卦的哲学意义是追求柔和、和谐、温顺的力量，遵循天道，承载万物。对于人们的行事处世，坤卦教导我们要刚柔并重，兼顾柔性和刚性，以柔克刚，容忍待人，不失正义；在事业和经商上，遵循形势，量力而行，借助同道之人，不断追求进取。这种思想，即“厚德载物”，可谓是中国古代哲学中对人们行事处世最为宝贵的精神财富"
"周易中的重要的卦象之一，它以地为象征，代表着柔顺和谦和。此卦图像形似“地”字，寓意着待人接物要像大地一样茁壮生长，坚韧不拔。

得到此卦的卜者，应该注重内心修养，以柔克刚，以德服众，容忍负重，宽厚大度，顺应形势。在事业方面，坤卦表明要谨慎行事，不可急进，以稳健为妥，顺势而为，善于借助他人之力，共同完成事业；在经商方面，要注意储存货物，待价而沽，处处小心为是。

总而言之，坤卦的哲学意义是追求柔和、和谐、温顺的力量，遵循天道，承载万物。对于人们的行事处世，坤卦教导我们要刚柔并重，兼顾柔性和刚性，以柔克刚，容忍待人，不失正义；在事业和经商上，遵循形势，量力而行，借助同道之人，不断追求进取。这种思想，即“厚德载物”，可谓是中国古代哲学中对人们行事处世最为宝贵的精神财富含义是什么？","重要的卦象之一，它以地为象征，代表着柔顺和谦和。此卦图像形似“地”字，寓意着待人接物要像大地一样茁壮生长，坚韧不拔。

得到此卦的卜者，应该注重内心修养，以柔克刚，以德服众，容忍负重，宽厚大度，顺应形势。在事业方面，坤卦表明要谨慎行事，不可急进，以稳健为妥，顺势而为，善于借助他人之力，共同完成事业；在经商方面，要注意储存货物，待价而沽，处处小心为是。

总而言之，坤卦的哲学意义是追求柔和、和谐、温顺的力量，遵循天道，承载万物。对于人们的行事处世，坤卦教导我们要刚柔并重，兼顾柔性和刚性，以柔克刚，容忍待人，不失正义；在事业和经商上，遵循形势，量力而行，借助同道之人，不断追求进取。这种思想，即“厚德载物”，可谓是中国古代哲学中对人们行事处世最为宝贵的精神财富"
"请解释一下重要的卦象之一，它以地为象征，代表着柔顺和谦和。此卦图像形似“地”字，寓意着待人接物要像大地一样茁壮生长，坚韧不拔。

得到此卦的卜者，应该注重内心修养，以柔克刚，以德服众，容忍负重，宽厚大度，顺应形势。在事业方面，坤卦表明要谨慎行事，不可急进，以稳健为妥，顺势而为，善于借助他人之力，共同完成事业；在经商方面，要注意储存货物，待价而沽，处处小心为是。

总而言之，坤卦的哲学意义是追求柔和、和谐、温顺的力量，遵循天道，承载万物。对于人们的行事处世，坤卦教导我们要刚柔并重，兼顾柔性和刚性，以柔克刚，容忍待人，不失正义；在事业和经商上，遵循形势，量力而行，借助同道之人，不断追求进取。这种思想，即“厚德载物”，可谓是中国古代哲学中对人们行事处世最为宝贵的精神财富。","重要的卦象之一，它以地为象征，代表着柔顺和谦和。此卦图像形似“地”字，寓意着待人接物要像大地一样茁壮生长，坚韧不拔。

得到此卦的卜者，应该注重内心修养，以柔克刚，以德服众，容忍负重，宽厚大度，顺应形势。在事业方面，坤卦表明要谨慎行事，不可急进，以稳健为妥，顺势而为，善于借助他人之力，共同完成事业；在经商方面，要注意储存货物，待价而沽，处处小心为是。

总而言之，坤卦的哲学意义是追求柔和、和谐、温顺的力量，遵循天道，承载万物。对于人们的行事处世，坤卦教导我们要刚柔并重，兼顾柔性和刚性，以柔克刚，容忍待人，不失正义；在事业和经商上，遵循形势，量力而行，借助同道之人，不断追求进取。这种思想，即“厚德载物”，可谓是中国古代哲学中对人们行事处世最为宝贵的精神财富"
"重要的卦象之一，它以地为象征，代表着柔顺和谦和。此卦图像形似“地”字，寓意着待人接物要像大地一样茁壮生长，坚韧不拔。

得到此卦的卜者，应该注重内心修养，以柔克刚，以德服众，容忍负重，宽厚大度，顺应形势。在事业方面，坤卦表明要谨慎行事，不可急进，以稳健为妥，顺势而为，善于借助他人之力，共同完成事业；在经商方面，要注意储存货物，待价而沽，处处小心为是。

总而言之，坤卦的哲学意义是追求柔和、和谐、温顺的力量，遵循天道，承载万物。对于人们的行事处世，坤卦教导我们要刚柔并重，兼顾柔性和刚性，以柔克刚，容忍待人，不失正义；在事业和经商上，遵循形势，量力而行，借助同道之人，不断追求进取。这种思想，即“厚德载物”，可谓是中国古代哲学中对人们行事处世最为宝贵的精神财富在周易中是什么象征？","重要的卦象之一，它以地为象征，代表着柔顺和谦和。此卦图像形似“地”字，寓意着待人接物要像大地一样茁壮生长，坚韧不拔。

得到此卦的卜者，应该注重内心修养，以柔克刚，以德服众，容忍负重，宽厚大度，顺应形势。在事业方面，坤卦表明要谨慎行事，不可急进，以稳健为妥，顺势而为，善于借助他人之力，共同完成事业；在经商方面，要注意储存货物，待价而沽，处处小心为是。

总而言之，坤卦的哲学意义是追求柔和、和谐、温顺的力量，遵循天道，承载万物。对于人们的行事处世，坤卦教导我们要刚柔并重，兼顾柔性和刚性，以柔克刚，容忍待人，不失正义；在事业和经商上，遵循形势，量力而行，借助同道之人，不断追求进取。这种思想，即“厚德载物”，可谓是中国古代哲学中对人们行事处世最为宝贵的精神财富"
"周易重要的卦象之一，它以地为象征，代表着柔顺和谦和。此卦图像形似“地”字，寓意着待人接物要像大地一样茁壮生长，坚韧不拔。

得到此卦的卜者，应该注重内心修养，以柔克刚，以德服众，容忍负重，宽厚大度，顺应形势。在事业方面，坤卦表明要谨慎行事，不可急进，以稳健为妥，顺势而为，善于借助他人之力，共同完成事业；在经商方面，要注意储存货物，待价而沽，处处小心为是。

总而言之，坤卦的哲学意义是追求柔和、和谐、温顺的力量，遵循天道，承载万物。对于人们的行事处世，坤卦教导我们要刚柔并重，兼顾柔性和刚性，以柔克刚，容忍待人，不失正义；在事业和经商上，遵循形势，量力而行，借助同道之人，不断追求进取。这种思想，即“厚德载物”，可谓是中国古代哲学中对人们行事处世最为宝贵的精神财富的深层含义是什么？","重要的卦象之一，它以地为象征，代表着柔顺和谦和。此卦图像形似“地”字，寓意着待人接物要像大地一样茁壮生长，坚韧不拔。

得到此卦的卜者，应该注重内心修养，以柔克刚，以德服众，容忍负重，宽厚大度，顺应形势。在事业方面，坤卦表明要谨慎行事，不可急进，以稳健为妥，顺势而为，善于借助他人之力，共同完成事业；在经商方面，要注意储存货物，待价而沽，处处小心为是。

总而言之，坤卦的哲学意义是追求柔和、和谐、温顺的力量，遵循天道，承载万物。对于人们的行事处世，坤卦教导我们要刚柔并重，兼顾柔性和刚性，以柔克刚，容忍待人，不失正义；在事业和经商上，遵循形势，量力而行，借助同道之人，不断追求进取。这种思想，即“厚德载物”，可谓是中国古代哲学中对人们行事处世最为宝贵的精神财富"
"重要的卦象之一，它以地为象征，代表着柔顺和谦和。此卦图像形似“地”字，寓意着待人接物要像大地一样茁壮生长，坚韧不拔。

得到此卦的卜者，应该注重内心修养，以柔克刚，以德服众，容忍负重，宽厚大度，顺应形势。在事业方面，坤卦表明要谨慎行事，不可急进，以稳健为妥，顺势而为，善于借助他人之力，共同完成事业；在经商方面，要注意储存货物，待价而沽，处处小心为是。

总而言之，坤卦的哲学意义是追求柔和、和谐、温顺的力量，遵循天道，承载万物。对于人们的行事处世，坤卦教导我们要刚柔并重，兼顾柔性和刚性，以柔克刚，容忍待人，不失正义；在事业和经商上，遵循形势，量力而行，借助同道之人，不断追求进取。这种思想，即“厚德载物”，可谓是中国古代哲学中对人们行事处世最为宝贵的精神财富和教育启蒙有什么联系？","重要的卦象之一，它以地为象征，代表着柔顺和谦和。此卦图像形似“地”字，寓意着待人接物要像大地一样茁壮生长，坚韧不拔。

得到此卦的卜者，应该注重内心修养，以柔克刚，以德服众，容忍负重，宽厚大度，顺应形势。在事业方面，坤卦表明要谨慎行事，不可急进，以稳健为妥，顺势而为，善于借助他人之力，共同完成事业；在经商方面，要注意储存货物，待价而沽，处处小心为是。

总而言之，坤卦的哲学意义是追求柔和、和谐、温顺的力量，遵循天道，承载万物。对于人们的行事处世，坤卦教导我们要刚柔并重，兼顾柔性和刚性，以柔克刚，容忍待人，不失正义；在事业和经商上，遵循形势，量力而行，借助同道之人，不断追求进取。这种思想，即“厚德载物”，可谓是中国古代哲学中对人们行事处世最为宝贵的精神财富"
"周易的重要的卦象之一，它以地为象征，代表着柔顺和谦和。此卦图像形似“地”字，寓意着待人接物要像大地一样茁壮生长，坚韧不拔。

得到此卦的卜者，应该注重内心修养，以柔克刚，以德服众，容忍负重，宽厚大度，顺应形势。在事业方面，坤卦表明要谨慎行事，不可急进，以稳健为妥，顺势而为，善于借助他人之力，共同完成事业；在经商方面，要注意储存货物，待价而沽，处处小心为是。

总而言之，坤卦的哲学意义是追求柔和、和谐、温顺的力量，遵循天道，承载万物。对于人们的行事处世，坤卦教导我们要刚柔并重，兼顾柔性和刚性，以柔克刚，容忍待人，不失正义；在事业和经商上，遵循形势，量力而行，借助同道之人，不断追求进取。这种思想，即“厚德载物”，可谓是中国古代哲学中对人们行事处世最为宝贵的精神财富讲述了什么？","重要的卦象之一，它以地为象征，代表着柔顺和谦和。此卦图像形似“地”字，寓意着待人接物要像大地一样茁壮生长，坚韧不拔。

得到此卦的卜者，应该注重内心修养，以柔克刚，以德服众，容忍负重，宽厚大度，顺应形势。在事业方面，坤卦表明要谨慎行事，不可急进，以稳健为妥，顺势而为，善于借助他人之力，共同完成事业；在经商方面，要注意储存货物，待价而沽，处处小心为是。

总而言之，坤卦的哲学意义是追求柔和、和谐、温顺的力量，遵循天道，承载万物。对于人们的行事处世，坤卦教导我们要刚柔并重，兼顾柔性和刚性，以柔克刚，容忍待人，不失正义；在事业和经商上，遵循形势，量力而行，借助同道之人，不断追求进取。这种思想，即“厚德载物”，可谓是中国古代哲学中对人们行事处世最为宝贵的精神财富"
"重要的卦象之一，它以地为象征，代表着柔顺和谦和。此卦图像形似“地”字，寓意着待人接物要像大地一样茁壮生长，坚韧不拔。

得到此卦的卜者，应该注重内心修养，以柔克刚，以德服众，容忍负重，宽厚大度，顺应形势。在事业方面，坤卦表明要谨慎行事，不可急进，以稳健为妥，顺势而为，善于借助他人之力，共同完成事业；在经商方面，要注意储存货物，待价而沽，处处小心为是。

总而言之，坤卦的哲学意义是追求柔和、和谐、温顺的力量，遵循天道，承载万物。对于人们的行事处世，坤卦教导我们要刚柔并重，兼顾柔性和刚性，以柔克刚，容忍待人，不失正义；在事业和经商上，遵循形势，量力而行，借助同道之人，不断追求进取。这种思想，即“厚德载物”，可谓是中国古代哲学中对人们行事处世最为宝贵的精神财富是怎样的一个卦象？","重要的卦象之一，它以地为象征，代表着柔顺和谦和。此卦图像形似“地”字，寓意着待人接物要像大地一样茁壮生长，坚韧不拔。

得到此卦的卜者，应该注重内心修养，以柔克刚，以德服众，容忍负重，宽厚大度，顺应形势。在事业方面，坤卦表明要谨慎行事，不可急进，以稳健为妥，顺势而为，善于借助他人之力，共同完成事业；在经商方面，要注意储存货物，待价而沽，处处小心为是。

总而言之，坤卦的哲学意义是追求柔和、和谐、温顺的力量，遵循天道，承载万物。对于人们的行事处世，坤卦教导我们要刚柔并重，兼顾柔性和刚性，以柔克刚，容忍待人，不失正义；在事业和经商上，遵循形势，量力而行，借助同道之人，不断追求进取。这种思想，即“厚德载物”，可谓是中国古代哲学中对人们行事处世最为宝贵的精神财富"
"重要的卦象之一，它以地为象征，代表着柔顺和谦和。此卦图像形似“地”字，寓意着待人接物要像大地一样茁壮生长，坚韧不拔。

得到此卦的卜者，应该注重内心修养，以柔克刚，以德服众，容忍负重，宽厚大度，顺应形势。在事业方面，坤卦表明要谨慎行事，不可急进，以稳健为妥，顺势而为，善于借助他人之力，共同完成事业；在经商方面，要注意储存货物，待价而沽，处处小心为是。

总而言之，坤卦的哲学意义是追求柔和、和谐、温顺的力量，遵循天道，承载万物。对于人们的行事处世，坤卦教导我们要刚柔并重，兼顾柔性和刚性，以柔克刚，容忍待人，不失正义；在事业和经商上，遵循形势，量力而行，借助同道之人，不断追求进取。这种思想，即“厚德载物”，可谓是中国古代哲学中对人们行事处世最为宝贵的精神财富在周易中怎样表达教育的概念？","重要的卦象之一，它以地为象征，代表着柔顺和谦和。此卦图像形似“地”字，寓意着待人接物要像大地一样茁壮生长，坚韧不拔。

得到此卦的卜者，应该注重内心修养，以柔克刚，以德服众，容忍负重，宽厚大度，顺应形势。在事业方面，坤卦表明要谨慎行事，不可急进，以稳健为妥，顺势而为，善于借助他人之力，共同完成事业；在经商方面，要注意储存货物，待价而沽，处处小心为是。

总而言之，坤卦的哲学意义是追求柔和、和谐、温顺的力量，遵循天道，承载万物。对于人们的行事处世，坤卦教导我们要刚柔并重，兼顾柔性和刚性，以柔克刚，容忍待人，不失正义；在事业和经商上，遵循形势，量力而行，借助同道之人，不断追求进取。这种思想，即“厚德载物”，可谓是中国古代哲学中对人们行事处世最为宝贵的精神财富"
"重要的卦象之一，它以地为象征，代表着柔顺和谦和。此卦图像形似“地”字，寓意着待人接物要像大地一样茁壮生长，坚韧不拔。

得到此卦的卜者，应该注重内心修养，以柔克刚，以德服众，容忍负重，宽厚大度，顺应形势。在事业方面，坤卦表明要谨慎行事，不可急进，以稳健为妥，顺势而为，善于借助他人之力，共同完成事业；在经商方面，要注意储存货物，待价而沽，处处小心为是。

总而言之，坤卦的哲学意义是追求柔和、和谐、温顺的力量，遵循天道，承载万物。对于人们的行事处世，坤卦教导我们要刚柔并重，兼顾柔性和刚性，以柔克刚，容忍待人，不失正义；在事业和经商上，遵循形势，量力而行，借助同道之人，不断追求进取。这种思想，即“厚德载物”，可谓是中国古代哲学中对人们行事处世最为宝贵的精神财富的基本意义是什么？","重要的卦象之一，它以地为象征，代表着柔顺和谦和。此卦图像形似“地”字，寓意着待人接物要像大地一样茁壮生长，坚韧不拔。

得到此卦的卜者，应该注重内心修养，以柔克刚，以德服众，容忍负重，宽厚大度，顺应形势。在事业方面，坤卦表明要谨慎行事，不可急进，以稳健为妥，顺势而为，善于借助他人之力，共同完成事业；在经商方面，要注意储存货物，待价而沽，处处小心为是。

总而言之，坤卦的哲学意义是追求柔和、和谐、温顺的力量，遵循天道，承载万物。对于人们的行事处世，坤卦教导我们要刚柔并重，兼顾柔性和刚性，以柔克刚，容忍待人，不失正义；在事业和经商上，遵循形势，量力而行，借助同道之人，不断追求进取。这种思想，即“厚德载物”，可谓是中国古代哲学中对人们行事处世最为宝贵的精神财富"
"周易中重要的卦象之一，它以地为象征，代表着柔顺和谦和。此卦图像形似“地”字，寓意着待人接物要像大地一样茁壮生长，坚韧不拔。

得到此卦的卜者，应该注重内心修养，以柔克刚，以德服众，容忍负重，宽厚大度，顺应形势。在事业方面，坤卦表明要谨慎行事，不可急进，以稳健为妥，顺势而为，善于借助他人之力，共同完成事业；在经商方面，要注意储存货物，待价而沽，处处小心为是。

总而言之，坤卦的哲学意义是追求柔和、和谐、温顺的力量，遵循天道，承载万物。对于人们的行事处世，坤卦教导我们要刚柔并重，兼顾柔性和刚性，以柔克刚，容忍待人，不失正义；在事业和经商上，遵循形势，量力而行，借助同道之人，不断追求进取。这种思想，即“厚德载物”，可谓是中国古代哲学中对人们行事处世最为宝贵的精神财富的解释是什么？","重要的卦象之一，它以地为象征，代表着柔顺和谦和。此卦图像形似“地”字，寓意着待人接物要像大地一样茁壮生长，坚韧不拔。

得到此卦的卜者，应该注重内心修养，以柔克刚，以德服众，容忍负重，宽厚大度，顺应形势。在事业方面，坤卦表明要谨慎行事，不可急进，以稳健为妥，顺势而为，善于借助他人之力，共同完成事业；在经商方面，要注意储存货物，待价而沽，处处小心为是。

总而言之，坤卦的哲学意义是追求柔和、和谐、温顺的力量，遵循天道，承载万物。对于人们的行事处世，坤卦教导我们要刚柔并重，兼顾柔性和刚性，以柔克刚，容忍待人，不失正义；在事业和经商上，遵循形势，量力而行，借助同道之人，不断追求进取。这种思想，即“厚德载物”，可谓是中国古代哲学中对人们行事处世最为宝贵的精神财富"
"重要的卦象之一，它以地为象征，代表着柔顺和谦和。此卦图像形似“地”字，寓意着待人接物要像大地一样茁壮生长，坚韧不拔。

得到此卦的卜者，应该注重内心修养，以柔克刚，以德服众，容忍负重，宽厚大度，顺应形势。在事业方面，坤卦表明要谨慎行事，不可急进，以稳健为妥，顺势而为，善于借助他人之力，共同完成事业；在经商方面，要注意储存货物，待价而沽，处处小心为是。

总而言之，坤卦的哲学意义是追求柔和、和谐、温顺的力量，遵循天道，承载万物。对于人们的行事处世，坤卦教导我们要刚柔并重，兼顾柔性和刚性，以柔克刚，容忍待人，不失正义；在事业和经商上，遵循形势，量力而行，借助同道之人，不断追求进取。这种思想，即“厚德载物”，可谓是中国古代哲学中对人们行事处世最为宝贵的精神财富在周易中代表了哪些方面？","重要的卦象之一，它以地为象征，代表着柔顺和谦和。此卦图像形似“地”字，寓意着待人接物要像大地一样茁壮生长，坚韧不拔。

得到此卦的卜者，应该注重内心修养，以柔克刚，以德服众，容忍负重，宽厚大度，顺应形势。在事业方面，坤卦表明要谨慎行事，不可急进，以稳健为妥，顺势而为，善于借助他人之力，共同完成事业；在经商方面，要注意储存货物，待价而沽，处处小心为是。

总而言之，坤卦的哲学意义是追求柔和、和谐、温顺的力量，遵循天道，承载万物。对于人们的行事处世，坤卦教导我们要刚柔并重，兼顾柔性和刚性，以柔克刚，容忍待人，不失正义；在事业和经商上，遵循形势，量力而行，借助同道之人，不断追求进取。这种思想，即“厚德载物”，可谓是中国古代哲学中对人们行事处世最为宝贵的精神财富"
"重要的卦象之一，它以地为象征，代表着柔顺和谦和。此卦图像形似“地”字，寓意着待人接物要像大地一样茁壮生长，坚韧不拔。

得到此卦的卜者，应该注重内心修养，以柔克刚，以德服众，容忍负重，宽厚大度，顺应形势。在事业方面，坤卦表明要谨慎行事，不可急进，以稳健为妥，顺势而为，善于借助他人之力，共同完成事业；在经商方面，要注意储存货物，待价而沽，处处小心为是。

总而言之，坤卦的哲学意义是追求柔和、和谐、温顺的力量，遵循天道，承载万物。对于人们的行事处世，坤卦教导我们要刚柔并重，兼顾柔性和刚性，以柔克刚，容忍待人，不失正义；在事业和经商上，遵循形势，量力而行，借助同道之人，不断追求进取。这种思想，即“厚德载物”，可谓是中国古代哲学中对人们行事处世最为宝贵的精神财富涉及哪些哲学思想？","重要的卦象之一，它以地为象征，代表着柔顺和谦和。此卦图像形似“地”字，寓意着待人接物要像大地一样茁壮生长，坚韧不拔。

得到此卦的卜者，应该注重内心修养，以柔克刚，以德服众，容忍负重，宽厚大度，顺应形势。在事业方面，坤卦表明要谨慎行事，不可急进，以稳健为妥，顺势而为，善于借助他人之力，共同完成事业；在经商方面，要注意储存货物，待价而沽，处处小心为是。

总而言之，坤卦的哲学意义是追求柔和、和谐、温顺的力量，遵循天道，承载万物。对于人们的行事处世，坤卦教导我们要刚柔并重，兼顾柔性和刚性，以柔克刚，容忍待人，不失正义；在事业和经商上，遵循形势，量力而行，借助同道之人，不断追求进取。这种思想，即“厚德载物”，可谓是中国古代哲学中对人们行事处世最为宝贵的精神财富"
"周易中重要的卦象之一，它以地为象征，代表着柔顺和谦和。此卦图像形似“地”字，寓意着待人接物要像大地一样茁壮生长，坚韧不拔。

得到此卦的卜者，应该注重内心修养，以柔克刚，以德服众，容忍负重，宽厚大度，顺应形势。在事业方面，坤卦表明要谨慎行事，不可急进，以稳健为妥，顺势而为，善于借助他人之力，共同完成事业；在经商方面，要注意储存货物，待价而沽，处处小心为是。

总而言之，坤卦的哲学意义是追求柔和、和谐、温顺的力量，遵循天道，承载万物。对于人们的行事处世，坤卦教导我们要刚柔并重，兼顾柔性和刚性，以柔克刚，容忍待人，不失正义；在事业和经商上，遵循形势，量力而行，借助同道之人，不断追求进取。这种思想，即“厚德载物”，可谓是中国古代哲学中对人们行事处世最为宝贵的精神财富的象征意义是什么？","重要的卦象之一，它以地为象征，代表着柔顺和谦和。此卦图像形似“地”字，寓意着待人接物要像大地一样茁壮生长，坚韧不拔。

得到此卦的卜者，应该注重内心修养，以柔克刚，以德服众，容忍负重，宽厚大度，顺应形势。在事业方面，坤卦表明要谨慎行事，不可急进，以稳健为妥，顺势而为，善于借助他人之力，共同完成事业；在经商方面，要注意储存货物，待价而沽，处处小心为是。

总而言之，坤卦的哲学意义是追求柔和、和谐、温顺的力量，遵循天道，承载万物。对于人们的行事处世，坤卦教导我们要刚柔并重，兼顾柔性和刚性，以柔克刚，容忍待人，不失正义；在事业和经商上，遵循形势，量力而行，借助同道之人，不断追求进取。这种思想，即“厚德载物”，可谓是中国古代哲学中对人们行事处世最为宝贵的精神财富"
"重要的卦象之一，它以地为象征，代表着柔顺和谦和。此卦图像形似“地”字，寓意着待人接物要像大地一样茁壮生长，坚韧不拔。

得到此卦的卜者，应该注重内心修养，以柔克刚，以德服众，容忍负重，宽厚大度，顺应形势。在事业方面，坤卦表明要谨慎行事，不可急进，以稳健为妥，顺势而为，善于借助他人之力，共同完成事业；在经商方面，要注意储存货物，待价而沽，处处小心为是。

总而言之，坤卦的哲学意义是追求柔和、和谐、温顺的力量，遵循天道，承载万物。对于人们的行事处世，坤卦教导我们要刚柔并重，兼顾柔性和刚性，以柔克刚，容忍待人，不失正义；在事业和经商上，遵循形势，量力而行，借助同道之人，不断追求进取。这种思想，即“厚德载物”，可谓是中国古代哲学中对人们行事处世最为宝贵的精神财富的主要讲述内容是什么？","重要的卦象之一，它以地为象征，代表着柔顺和谦和。此卦图像形似“地”字，寓意着待人接物要像大地一样茁壮生长，坚韧不拔。

得到此卦的卜者，应该注重内心修养，以柔克刚，以德服众，容忍负重，宽厚大度，顺应形势。在事业方面，坤卦表明要谨慎行事，不可急进，以稳健为妥，顺势而为，善于借助他人之力，共同完成事业；在经商方面，要注意储存货物，待价而沽，处处小心为是。

总而言之，坤卦的哲学意义是追求柔和、和谐、温顺的力量，遵循天道，承载万物。对于人们的行事处世，坤卦教导我们要刚柔并重，兼顾柔性和刚性，以柔克刚，容忍待人，不失正义；在事业和经商上，遵循形势，量力而行，借助同道之人，不断追求进取。这种思想，即“厚德载物”，可谓是中国古代哲学中对人们行事处世最为宝贵的精神财富"
"周易重要的卦象之一，它以地为象征，代表着柔顺和谦和。此卦图像形似“地”字，寓意着待人接物要像大地一样茁壮生长，坚韧不拔。

得到此卦的卜者，应该注重内心修养，以柔克刚，以德服众，容忍负重，宽厚大度，顺应形势。在事业方面，坤卦表明要谨慎行事，不可急进，以稳健为妥，顺势而为，善于借助他人之力，共同完成事业；在经商方面，要注意储存货物，待价而沽，处处小心为是。

总而言之，坤卦的哲学意义是追求柔和、和谐、温顺的力量，遵循天道，承载万物。对于人们的行事处世，坤卦教导我们要刚柔并重，兼顾柔性和刚性，以柔克刚，容忍待人，不失正义；在事业和经商上，遵循形势，量力而行，借助同道之人，不断追求进取。这种思想，即“厚德载物”，可谓是中国古代哲学中对人们行事处世最为宝贵的精神财富的核心思想是什么？","重要的卦象之一，它以地为象征，代表着柔顺和谦和。此卦图像形似“地”字，寓意着待人接物要像大地一样茁壮生长，坚韧不拔。

得到此卦的卜者，应该注重内心修养，以柔克刚，以德服众，容忍负重，宽厚大度，顺应形势。在事业方面，坤卦表明要谨慎行事，不可急进，以稳健为妥，顺势而为，善于借助他人之力，共同完成事业；在经商方面，要注意储存货物，待价而沽，处处小心为是。

总而言之，坤卦的哲学意义是追求柔和、和谐、温顺的力量，遵循天道，承载万物。对于人们的行事处世，坤卦教导我们要刚柔并重，兼顾柔性和刚性，以柔克刚，容忍待人，不失正义；在事业和经商上，遵循形势，量力而行，借助同道之人，不断追求进取。这种思想，即“厚德载物”，可谓是中国古代哲学中对人们行事处世最为宝贵的精神财富"
"重要的卦象之一，它以地为象征，代表着柔顺和谦和。此卦图像形似“地”字，寓意着待人接物要像大地一样茁壮生长，坚韧不拔。

得到此卦的卜者，应该注重内心修养，以柔克刚，以德服众，容忍负重，宽厚大度，顺应形势。在事业方面，坤卦表明要谨慎行事，不可急进，以稳健为妥，顺势而为，善于借助他人之力，共同完成事业；在经商方面，要注意储存货物，待价而沽，处处小心为是。

总而言之，坤卦的哲学意义是追求柔和、和谐、温顺的力量，遵循天道，承载万物。对于人们的行事处世，坤卦教导我们要刚柔并重，兼顾柔性和刚性，以柔克刚，容忍待人，不失正义；在事业和经商上，遵循形势，量力而行，借助同道之人，不断追求进取。这种思想，即“厚德载物”，可谓是中国古代哲学中对人们行事处世最为宝贵的精神财富和启蒙教育之间有何联系？","重要的卦象之一，它以地为象征，代表着柔顺和谦和。此卦图像形似“地”字，寓意着待人接物要像大地一样茁壮生长，坚韧不拔。

得到此卦的卜者，应该注重内心修养，以柔克刚，以德服众，容忍负重，宽厚大度，顺应形势。在事业方面，坤卦表明要谨慎行事，不可急进，以稳健为妥，顺势而为，善于借助他人之力，共同完成事业；在经商方面，要注意储存货物，待价而沽，处处小心为是。

总而言之，坤卦的哲学意义是追求柔和、和谐、温顺的力量，遵循天道，承载万物。对于人们的行事处世，坤卦教导我们要刚柔并重，兼顾柔性和刚性，以柔克刚，容忍待人，不失正义；在事业和经商上，遵循形势，量力而行，借助同道之人，不断追求进取。这种思想，即“厚德载物”，可谓是中国古代哲学中对人们行事处世最为宝贵的精神财富"
"在周易中，重要的卦象之一，它以地为象征，代表着柔顺和谦和。此卦图像形似“地”字，寓意着待人接物要像大地一样茁壮生长，坚韧不拔。

得到此卦的卜者，应该注重内心修养，以柔克刚，以德服众，容忍负重，宽厚大度，顺应形势。在事业方面，坤卦表明要谨慎行事，不可急进，以稳健为妥，顺势而为，善于借助他人之力，共同完成事业；在经商方面，要注意储存货物，待价而沽，处处小心为是。

总而言之，坤卦的哲学意义是追求柔和、和谐、温顺的力量，遵循天道，承载万物。对于人们的行事处世，坤卦教导我们要刚柔并重，兼顾柔性和刚性，以柔克刚，容忍待人，不失正义；在事业和经商上，遵循形势，量力而行，借助同道之人，不断追求进取。这种思想，即“厚德载物”，可谓是中国古代哲学中对人们行事处世最为宝贵的精神财富象征着什么？","重要的卦象之一，它以地为象征，代表着柔顺和谦和。此卦图像形似“地”字，寓意着待人接物要像大地一样茁壮生长，坚韧不拔。

得到此卦的卜者，应该注重内心修养，以柔克刚，以德服众，容忍负重，宽厚大度，顺应形势。在事业方面，坤卦表明要谨慎行事，不可急进，以稳健为妥，顺势而为，善于借助他人之力，共同完成事业；在经商方面，要注意储存货物，待价而沽，处处小心为是。

总而言之，坤卦的哲学意义是追求柔和、和谐、温顺的力量，遵循天道，承载万物。对于人们的行事处世，坤卦教导我们要刚柔并重，兼顾柔性和刚性，以柔克刚，容忍待人，不失正义；在事业和经商上，遵循形势，量力而行，借助同道之人，不断追求进取。这种思想，即“厚德载物”，可谓是中国古代哲学中对人们行事处世最为宝贵的精神财富"
"请描述重要的卦象之一，它以地为象征，代表着柔顺和谦和。此卦图像形似“地”字，寓意着待人接物要像大地一样茁壮生长，坚韧不拔。

得到此卦的卜者，应该注重内心修养，以柔克刚，以德服众，容忍负重，宽厚大度，顺应形势。在事业方面，坤卦表明要谨慎行事，不可急进，以稳健为妥，顺势而为，善于借助他人之力，共同完成事业；在经商方面，要注意储存货物，待价而沽，处处小心为是。

总而言之，坤卦的哲学意义是追求柔和、和谐、温顺的力量，遵循天道，承载万物。对于人们的行事处世，坤卦教导我们要刚柔并重，兼顾柔性和刚性，以柔克刚，容忍待人，不失正义；在事业和经商上，遵循形势，量力而行，借助同道之人，不断追求进取。这种思想，即“厚德载物”，可谓是中国古代哲学中对人们行事处世最为宝贵的精神财富的含义。","重要的卦象之一，它以地为象征，代表着柔顺和谦和。此卦图像形似“地”字，寓意着待人接物要像大地一样茁壮生长，坚韧不拔。

得到此卦的卜者，应该注重内心修养，以柔克刚，以德服众，容忍负重，宽厚大度，顺应形势。在事业方面，坤卦表明要谨慎行事，不可急进，以稳健为妥，顺势而为，善于借助他人之力，共同完成事业；在经商方面，要注意储存货物，待价而沽，处处小心为是。

总而言之，坤卦的哲学意义是追求柔和、和谐、温顺的力量，遵循天道，承载万物。对于人们的行事处世，坤卦教导我们要刚柔并重，兼顾柔性和刚性，以柔克刚，容忍待人，不失正义；在事业和经商上，遵循形势，量力而行，借助同道之人，不断追求进取。这种思想，即“厚德载物”，可谓是中国古代哲学中对人们行事处世最为宝贵的精神财富"
"重要的卦象之一，它以地为象征，代表着柔顺和谦和。此卦图像形似“地”字，寓意着待人接物要像大地一样茁壮生长，坚韧不拔。

得到此卦的卜者，应该注重内心修养，以柔克刚，以德服众，容忍负重，宽厚大度，顺应形势。在事业方面，坤卦表明要谨慎行事，不可急进，以稳健为妥，顺势而为，善于借助他人之力，共同完成事业；在经商方面，要注意储存货物，待价而沽，处处小心为是。

总而言之，坤卦的哲学意义是追求柔和、和谐、温顺的力量，遵循天道，承载万物。对于人们的行事处世，坤卦教导我们要刚柔并重，兼顾柔性和刚性，以柔克刚，容忍待人，不失正义；在事业和经商上，遵循形势，量力而行，借助同道之人，不断追求进取。这种思想，即“厚德载物”，可谓是中国古代哲学中对人们行事处世最为宝贵的精神财富在周易哲学中扮演什么角色？","重要的卦象之一，它以地为象征，代表着柔顺和谦和。此卦图像形似“地”字，寓意着待人接物要像大地一样茁壮生长，坚韧不拔。

得到此卦的卜者，应该注重内心修养，以柔克刚，以德服众，容忍负重，宽厚大度，顺应形势。在事业方面，坤卦表明要谨慎行事，不可急进，以稳健为妥，顺势而为，善于借助他人之力，共同完成事业；在经商方面，要注意储存货物，待价而沽，处处小心为是。

总而言之，坤卦的哲学意义是追求柔和、和谐、温顺的力量，遵循天道，承载万物。对于人们的行事处世，坤卦教导我们要刚柔并重，兼顾柔性和刚性，以柔克刚，容忍待人，不失正义；在事业和经商上，遵循形势，量力而行，借助同道之人，不断追求进取。这种思想，即“厚德载物”，可谓是中国古代哲学中对人们行事处世最为宝贵的精神财富"
"摘要：""乾卦""是《易经》六十四卦的首卦，象征天，表明兴盛强健。卦辞为“元、亨、利、贞”，预示吉祥如意，但也提醒人们的注意事项。运势方面，表示名利双收，事业如日中天，但需要注意提高警惕，冷静处世。经商方面，有发展向上的机会，但需要坚持商业道德，冷静应对困难。对于求名、婚恋等方面也有相应的启示。对于决策，建议保持刚健、正直、公允的实质，积累知识，坚定信念，自强不息，必能消除困难，取得成功代表什么？","摘要：""乾卦"
"周易中的摘要：""乾卦""是《易经》六十四卦的首卦，象征天，表明兴盛强健。卦辞为“元、亨、利、贞”，预示吉祥如意，但也提醒人们的注意事项。运势方面，表示名利双收，事业如日中天，但需要注意提高警惕，冷静处世。经商方面，有发展向上的机会，但需要坚持商业道德，冷静应对困难。对于求名、婚恋等方面也有相应的启示。对于决策，建议保持刚健、正直、公允的实质，积累知识，坚定信念，自强不息，必能消除困难，取得成功含义是什么？","摘要：""乾卦"
"请解释一下摘要：""乾卦""是《易经》六十四卦的首卦，象征天，表明兴盛强健。卦辞为“元、亨、利、贞”，预示吉祥如意，但也提醒人们的注意事项。运势方面，表示名利双收，事业如日中天，但需要注意提高警惕，冷静处世。经商方面，有发展向上的机会，但需要坚持商业道德，冷静应对困难。对于求名、婚恋等方面也有相应的启示。对于决策，建议保持刚健、正直、公允的实质，积累知识，坚定信念，自强不息，必能消除困难，取得成功。","摘要：""乾卦"
"摘要：""乾卦""是《易经》六十四卦的首卦，象征天，表明兴盛强健。卦辞为“元、亨、利、贞”，预示吉祥如意，但也提醒人们的注意事项。运势方面，表示名利双收，事业如日中天，但需要注意提高警惕，冷静处世。经商方面，有发展向上的机会，但需要坚持商业道德，冷静应对困难。对于求名、婚恋等方面也有相应的启示。对于决策，建议保持刚健、正直、公允的实质，积累知识，坚定信念，自强不息，必能消除困难，取得成功在周易中是什么象征？","摘要：""乾卦"
"周易摘要：""乾卦""是《易经》六十四卦的首卦，象征天，表明兴盛强健。卦辞为“元、亨、利、贞”，预示吉祥如意，但也提醒人们的注意事项。运势方面，表示名利双收，事业如日中天，但需要注意提高警惕，冷静处世。经商方面，有发展向上的机会，但需要坚持商业道德，冷静应对困难。对于求名、婚恋等方面也有相应的启示。对于决策，建议保持刚健、正直、公允的实质，积累知识，坚定信念，自强不息，必能消除困难，取得成功的深层含义是什么？","摘要：""乾卦"
"摘要：""乾卦""是《易经》六十四卦的首卦，象征天，表明兴盛强健。卦辞为“元、亨、利、贞”，预示吉祥如意，但也提醒人们的注意事项。运势方面，表示名利双收，事业如日中天，但需要注意提高警惕，冷静处世。经商方面，有发展向上的机会，但需要坚持商业道德，冷静应对困难。对于求名、婚恋等方面也有相应的启示。对于决策，建议保持刚健、正直、公允的实质，积累知识，坚定信念，自强不息，必能消除困难，取得成功和教育启蒙有什么联系？","摘要：""乾卦"
"周易的摘要：""乾卦""是《易经》六十四卦的首卦，象征天，表明兴盛强健。卦辞为“元、亨、利、贞”，预示吉祥如意，但也提醒人们的注意事项。运势方面，表示名利双收，事业如日中天，但需要注意提高警惕，冷静处世。经商方面，有发展向上的机会，但需要坚持商业道德，冷静应对困难。对于求名、婚恋等方面也有相应的启示。对于决策，建议保持刚健、正直、公允的实质，积累知识，坚定信念，自强不息，必能消除困难，取得成功讲述了什么？","摘要：""乾卦"
"摘要：""乾卦""是《易经》六十四卦的首卦，象征天，表明兴盛强健。卦辞为“元、亨、利、贞”，预示吉祥如意，但也提醒人们的注意事项。运势方面，表示名利双收，事业如日中天，但需要注意提高警惕，冷静处世。经商方面，有发展向上的机会，但需要坚持商业道德，冷静应对困难。对于求名、婚恋等方面也有相应的启示。对于决策，建议保持刚健、正直、公允的实质，积累知识，坚定信念，自强不息，必能消除困难，取得成功是怎样的一个卦象？","摘要：""乾卦"
"摘要：""乾卦""是《易经》六十四卦的首卦，象征天，表明兴盛强健。卦辞为“元、亨、利、贞”，预示吉祥如意，但也提醒人们的注意事项。运势方面，表示名利双收，事业如日中天，但需要注意提高警惕，冷静处世。经商方面，有发展向上的机会，但需要坚持商业道德，冷静应对困难。对于求名、婚恋等方面也有相应的启示。对于决策，建议保持刚健、正直、公允的实质，积累知识，坚定信念，自强不息，必能消除困难，取得成功在周易中怎样表达教育的概念？","摘要：""乾卦"
"摘要：""乾卦""是《易经》六十四卦的首卦，象征天，表明兴盛强健。卦辞为“元、亨、利、贞”，预示吉祥如意，但也提醒人们的注意事项。运势方面，表示名利双收，事业如日中天，但需要注意提高警惕，冷静处世。经商方面，有发展向上的机会，但需要坚持商业道德，冷静应对困难。对于求名、婚恋等方面也有相应的启示。对于决策，建议保持刚健、正直、公允的实质，积累知识，坚定信念，自强不息，必能消除困难，取得成功的基本意义是什么？","摘要：""乾卦"
"周易中摘要：""乾卦""是《易经》六十四卦的首卦，象征天，表明兴盛强健。卦辞为“元、亨、利、贞”，预示吉祥如意，但也提醒人们的注意事项。运势方面，表示名利双收，事业如日中天，但需要注意提高警惕，冷静处世。经商方面，有发展向上的机会，但需要坚持商业道德，冷静应对困难。对于求名、婚恋等方面也有相应的启示。对于决策，建议保持刚健、正直、公允的实质，积累知识，坚定信念，自强不息，必能消除困难，取得成功的解释是什么？","摘要：""乾卦"
"摘要：""乾卦""是《易经》六十四卦的首卦，象征天，表明兴盛强健。卦辞为“元、亨、利、贞”，预示吉祥如意，但也提醒人们的注意事项。运势方面，表示名利双收，事业如日中天，但需要注意提高警惕，冷静处世。经商方面，有发展向上的机会，但需要坚持商业道德，冷静应对困难。对于求名、婚恋等方面也有相应的启示。对于决策，建议保持刚健、正直、公允的实质，积累知识，坚定信念，自强不息，必能消除困难，取得成功在周易中代表了哪些方面？","摘要：""乾卦"
"摘要：""乾卦""是《易经》六十四卦的首卦，象征天，表明兴盛强健。卦辞为“元、亨、利、贞”，预示吉祥如意，但也提醒人们的注意事项。运势方面，表示名利双收，事业如日中天，但需要注意提高警惕，冷静处世。经商方面，有发展向上的机会，但需要坚持商业道德，冷静应对困难。对于求名、婚恋等方面也有相应的启示。对于决策，建议保持刚健、正直、公允的实质，积累知识，坚定信念，自强不息，必能消除困难，取得成功涉及哪些哲学思想？","摘要：""乾卦"
"周易中摘要：""乾卦""是《易经》六十四卦的首卦，象征天，表明兴盛强健。卦辞为“元、亨、利、贞”，预示吉祥如意，但也提醒人们的注意事项。运势方面，表示名利双收，事业如日中天，但需要注意提高警惕，冷静处世。经商方面，有发展向上的机会，但需要坚持商业道德，冷静应对困难。对于求名、婚恋等方面也有相应的启示。对于决策，建议保持刚健、正直、公允的实质，积累知识，坚定信念，自强不息，必能消除困难，取得成功的象征意义是什么？","摘要：""乾卦"
"摘要：""乾卦""是《易经》六十四卦的首卦，象征天，表明兴盛强健。卦辞为“元、亨、利、贞”，预示吉祥如意，但也提醒人们的注意事项。运势方面，表示名利双收，事业如日中天，但需要注意提高警惕，冷静处世。经商方面，有发展向上的机会，但需要坚持商业道德，冷静应对困难。对于求名、婚恋等方面也有相应的启示。对于决策，建议保持刚健、正直、公允的实质，积累知识，坚定信念，自强不息，必能消除困难，取得成功的主要讲述内容是什么？","摘要：""乾卦"
"周易摘要：""乾卦""是《易经》六十四卦的首卦，象征天，表明兴盛强健。卦辞为“元、亨、利、贞”，预示吉祥如意，但也提醒人们的注意事项。运势方面，表示名利双收，事业如日中天，但需要注意提高警惕，冷静处世。经商方面，有发展向上的机会，但需要坚持商业道德，冷静应对困难。对于求名、婚恋等方面也有相应的启示。对于决策，建议保持刚健、正直、公允的实质，积累知识，坚定信念，自强不息，必能消除困难，取得成功的核心思想是什么？","摘要：""乾卦"
"摘要：""乾卦""是《易经》六十四卦的首卦，象征天，表明兴盛强健。卦辞为“元、亨、利、贞”，预示吉祥如意，但也提醒人们的注意事项。运势方面，表示名利双收，事业如日中天，但需要注意提高警惕，冷静处世。经商方面，有发展向上的机会，但需要坚持商业道德，冷静应对困难。对于求名、婚恋等方面也有相应的启示。对于决策，建议保持刚健、正直、公允的实质，积累知识，坚定信念，自强不息，必能消除困难，取得成功和启蒙教育之间有何联系？","摘要：""乾卦"
"在周易中，摘要：""乾卦""是《易经》六十四卦的首卦，象征天，表明兴盛强健。卦辞为“元、亨、利、贞”，预示吉祥如意，但也提醒人们的注意事项。运势方面，表示名利双收，事业如日中天，但需要注意提高警惕，冷静处世。经商方面，有发展向上的机会，但需要坚持商业道德，冷静应对困难。对于求名、婚恋等方面也有相应的启示。对于决策，建议保持刚健、正直、公允的实质，积累知识，坚定信念，自强不息，必能消除困难，取得成功象征着什么？","摘要：""乾卦"
"请描述摘要：""乾卦""是《易经》六十四卦的首卦，象征天，表明兴盛强健。卦辞为“元、亨、利、贞”，预示吉祥如意，但也提醒人们的注意事项。运势方面，表示名利双收，事业如日中天，但需要注意提高警惕，冷静处世。经商方面，有发展向上的机会，但需要坚持商业道德，冷静应对困难。对于求名、婚恋等方面也有相应的启示。对于决策，建议保持刚健、正直、公允的实质，积累知识，坚定信念，自强不息，必能消除困难，取得成功的含义。","摘要：""乾卦"
"摘要：""乾卦""是《易经》六十四卦的首卦，象征天，表明兴盛强健。卦辞为“元、亨、利、贞”，预示吉祥如意，但也提醒人们的注意事项。运势方面，表示名利双收，事业如日中天，但需要注意提高警惕，冷静处世。经商方面，有发展向上的机会，但需要坚持商业道德，冷静应对困难。对于求名、婚恋等方面也有相应的启示。对于决策，建议保持刚健、正直、公允的实质，积累知识，坚定信念，自强不息，必能消除困难，取得成功在周易哲学中扮演什么角色？","摘要：""乾卦"
